Timestamp,Ang_Vel,Angle,Ang_Accel,Target_RMS,Comp_RMS,Symmetry_Score,Phase_Progress,pose_score,label
1775985712.347,-5.4523,174.5477,-5.4523,13.7738,9.8008,0.9668,0.0000,0.5850,bad
1775985712.398,-6.3884,168.1593,-0.9361,16.3103,4.9194,0.9368,0.0000,0.7040,bad
1775985712.449,0.0000,168.1593,6.3884,16.2575,5.2800,0.9368,0.0000,0.7040,bad
1775985712.501,5.2927,173.4520,5.2927,17.5792,6.3010,0.9622,0.0000,0.7100,bad
1775985712.565,2.9182,176.3702,-2.3744,15.6278,6.0038,0.9788,0.0000,0.5730,bad
1775985712.618,3.3500,179.7202,0.4317,15.3765,7.6119,0.9950,0.0000,0.6960,bad
1775985712.671,0.0000,179.7202,-3.3500,15.5149,7.4382,0.9950,0.0000,0.6960,bad
1775985712.725,-3.4276,176.2926,-3.4276,17.3703,7.1783,0.9886,0.2965,0.7010,bad
1775985712.777,0.0000,176.2926,3.4276,16.4095,5.8448,0.9886,0.2965,0.7010,bad
1775985712.829,-12.2733,164.0193,-12.2733,18.1628,7.7624,0.9810,1.0000,0.7380,bad
1775985712.881,0.0000,164.0193,12.2733,17.4023,8.0012,0.9810,1.0000,0.7380,bad
1775985712.984,4.9288,168.9480,4.9288,20.6316,9.8200,0.9653,0.6861,0.4660,bad
1775985713.036,-1.0740,167.8741,-6.0027,21.7282,8.2708,0.9971,0.7545,0.6460,bad
1775985713.088,0.0000,167.8741,1.0740,37.2377,8.5456,0.9971,0.7545,0.6460,bad
1775985713.140,-18.1296,149.7445,-18.1296,35.0321,11.0467,0.9427,1.0000,0.6490,bad
1775985713.192,0.0000,149.7445,18.1296,38.7343,8.2243,0.9427,1.0000,0.6490,bad
1775985713.249,-20.4006,129.3439,-20.4006,36.8128,9.3823,0.8852,1.0000,0.6120,bad
1775985713.303,0.0000,129.3439,20.4006,34.8169,8.5000,0.8852,1.0000,0.6120,bad
1775985713.360,-26.3739,102.9701,-26.3739,37.5844,15.3636,0.9889,1.0000,0.6760,bad
1775985713.416,0.0000,102.9701,26.3739,35.9341,15.4661,0.9889,1.0000,0.6760,bad
1775985713.469,0.0000,102.9701,0.0000,39.2927,15.2466,0.9889,1.0000,0.6760,bad
1775985713.521,66.7621,169.7322,66.7621,41.5571,13.7749,0.9387,0.1301,0.5610,bad
1775985713.573,0.0000,169.7322,-66.7621,38.1299,13.5246,0.9387,0.1301,0.5610,bad
1775985713.628,-103.9794,65.7528,-103.9794,41.1764,12.2668,0.9316,1.0000,0.6070,bad
1775985713.681,0.0000,65.7528,103.9794,40.3382,14.1080,0.9316,1.0000,0.6070,bad
1775985713.733,18.4711,84.2238,18.4711,41.1791,11.0318,0.9877,0.8379,0.6970,bad
1775985713.785,9.8270,94.0509,-8.6441,43.1340,11.0267,0.9677,0.7517,0.6740,bad
1775985713.841,0.0000,94.0509,-9.8270,42.4307,12.3240,0.9677,0.7517,0.6740,bad
1775985713.944,54.8377,148.8885,54.8377,42.4365,15.7843,0.9302,0.2705,0.5900,bad
1775985713.996,0.0000,148.8885,-54.8377,43.5334,12.1837,0.9302,0.2705,0.5900,bad
1775985714.049,0.0000,148.8885,0.0000,38.1797,12.2455,0.9302,0.2705,0.5900,bad
1775985714.157,-0.1186,148.7699,-0.1186,27.6912,12.3890,0.9590,0.2716,0.4870,bad
1775985714.209,0.0000,148.7699,0.1186,30.8557,13.3053,0.9590,0.2716,0.4870,bad
1775985714.261,0.0000,148.7699,0.0000,28.4474,13.8354,0.9590,0.2716,0.4870,bad
1775985714.313,0.0000,148.7699,0.0000,30.6422,10.2768,0.9590,0.2716,0.4870,bad
1775985714.366,29.8773,178.6472,29.8773,27.2871,11.6482,0.9787,0.0094,0.7390,bad
1775985714.418,0.0000,178.6472,-29.8773,27.6966,10.2842,0.9787,0.0094,0.7390,bad
1775985714.470,0.0000,178.6472,0.0000,24.4444,5.4694,0.9787,0.0094,0.7390,bad
1775985714.522,-5.2609,173.3863,-5.2609,25.6231,6.2809,0.9924,0.0556,0.7620,bad
1775985714.575,0.0000,173.3863,5.2609,21.4925,6.2124,0.9924,0.0556,0.7620,bad
1775985714.627,-3.7304,169.6559,-3.7304,25.3524,5.0205,0.9870,0.0883,0.7770,bad
1775985714.679,0.0000,169.6559,3.7304,23.6343,6.5184,0.9870,0.0883,0.7770,bad
1775985714.731,-0.4727,169.1832,-0.4727,19.8777,5.4390,0.9669,0.0925,0.8050,bad
1775985714.790,0.4174,169.6006,0.8901,20.1437,5.3184,0.9594,0.0888,0.7890,bad
1775985714.845,0.0000,169.6006,-0.4174,20.3747,3.1926,0.9594,0.0888,0.7890,bad
1775985714.899,0.0000,169.6006,0.0000,17.3281,5.0551,0.9594,0.0888,0.7890,bad
1775985714.953,4.2825,173.8831,4.2825,13.0820,5.7911,0.9674,0.0512,0.7670,bad
1775985715.006,0.0000,173.8831,-4.2825,13.8223,3.2150,0.9674,0.0512,0.7670,bad
1775985715.058,-12.6306,161.2525,-12.6306,11.7617,4.1831,0.9861,0.1620,0.7320,bad
1775985715.111,0.7620,162.0145,13.3925,11.5468,6.3329,0.9494,0.1554,0.7240,bad
1775985715.163,0.0000,162.0145,-0.7620,15.2639,4.5805,0.9494,0.1554,0.7240,bad
1775985715.267,10.3993,172.4137,10.3993,10.2446,3.8540,0.9396,0.0641,0.7670,bad
1775985715.318,0.0000,172.4137,-10.3993,13.7038,6.1782,0.9396,0.0641,0.7670,bad
1775985715.426,-3.6191,168.7947,-3.6191,13.4657,3.2800,0.9492,0.0959,0.7930,bad
1775985715.479,0.0000,168.7947,3.6191,11.2689,1.4416,0.9492,0.0959,0.7930,bad
1775985715.531,9.1381,177.9327,9.1381,12.2101,2.8170,0.9903,0.0157,0.7400,bad
1775985715.582,-0.3387,177.5941,-9.4767,13.4150,5.6898,0.9880,0.0187,0.7680,bad
1775985715.635,0.0000,177.5941,0.3387,14.5428,4.7668,0.9880,0.0187,0.7680,bad
1775985715.687,-3.1834,174.4107,-3.1834,16.2907,4.0880,0.9838,0.0466,0.7810,bad
1775985715.740,-21.4357,152.9750,-18.2523,17.8897,5.5775,0.9833,0.2347,0.7400,bad
1775985715.794,0.0000,152.9750,21.4357,19.6263,4.2361,0.9833,0.2347,0.7400,bad
1775985715.847,1.0347,154.0097,1.0347,23.9075,3.6523,0.9830,0.2256,0.7310,bad
1775985715.901,0.0000,154.0097,-1.0347,26.4564,5.5294,0.9830,0.2256,0.7310,bad
1775985715.955,11.6680,165.6777,11.6680,34.7790,4.4092,0.9782,0.1232,0.6280,bad
1775985716.007,0.0000,165.6777,-11.6680,35.4440,5.7176,0.9782,0.1232,0.6280,bad
1775985716.062,-10.4440,155.2337,-10.4440,33.9060,3.7901,0.9049,0.2149,0.3490,bad
1775985716.114,0.0000,155.2337,10.4440,36.0790,4.0198,0.9049,0.2149,0.3490,bad
1775985716.166,-29.3535,125.8802,-29.3535,38.5008,5.6766,0.9333,0.4724,0.4780,bad
1775985716.218,25.6634,151.5436,55.0169,38.7498,9.8076,0.9728,0.2472,0.7390,bad
1775985716.270,0.0000,151.5436,-25.6634,38.5551,14.9713,0.9728,0.2472,0.7390,bad
1775985716.374,11.7649,163.3085,11.7649,40.1014,15.3418,0.9354,0.1440,0.5920,bad
1775985716.426,0.0000,163.3085,-11.7649,36.7601,16.7095,0.9354,0.1440,0.5920,bad
1775985716.478,6.6882,169.9967,6.6882,41.4665,16.8313,0.9619,0.0853,0.5730,bad
1775985716.530,0.0000,169.9967,-6.6882,41.0685,14.6131,0.9619,0.0853,0.5730,bad
1775985716.634,-91.1848,78.8119,-91.1848,41.6121,13.5032,0.9878,0.8854,0.7010,bad
1775985716.686,0.0000,78.8119,91.1848,41.2198,18.5360,0.9878,0.8854,0.7010,bad
1775985716.739,0.0000,78.8119,0.0000,42.8326,18.1449,0.9878,0.8854,0.7010,bad
1775985716.792,17.8682,96.6801,17.8682,44.9684,15.8807,0.9678,0.7286,0.7050,bad
1775985716.845,35.8164,132.4966,17.9482,43.4099,18.5905,0.9273,0.4144,0.6210,bad
1775985716.898,0.0000,132.4966,-35.8164,45.7007,18.5878,0.9273,0.4144,0.6210,bad
1775985716.951,29.6310,162.1276,29.6310,42.8977,17.4828,0.9265,0.1544,0.6650,bad
1775985717.003,-1.1890,160.9385,-30.8200,38.6499,20.8751,0.9626,0.1648,0.6320,bad
1775985717.056,0.0000,160.9385,1.1890,40.5896,19.8399,0.9626,0.1648,0.6320,bad
1775985717.110,0.0000,160.9385,0.0000,35.3803,16.9480,0.9626,0.1648,0.6320,bad
1775985717.214,-27.5315,133.4071,-27.5315,25.6951,16.3690,0.8952,0.4064,0.3420,bad
1775985717.266,0.0000,133.4071,27.5315,26.2925,14.7528,0.8952,0.4064,0.3420,bad
1775985717.320,0.0000,133.4071,0.0000,25.8593,18.3732,0.8952,0.4064,0.3420,bad
1775985717.373,0.0000,133.4071,0.0000,25.2416,13.8641,0.8952,0.4064,0.3420,bad
1775985717.426,39.4481,172.8551,39.4481,23.4947,11.1991,0.9887,0.0602,0.7330,bad
1775985717.478,2.3694,175.2245,-37.0787,24.3178,5.0932,0.9829,0.0394,0.7020,bad
1775985717.530,0.0000,175.2245,-2.3694,24.5608,7.1450,0.9829,0.0394,0.7020,bad
1775985717.585,-29.0006,146.2238,-29.0006,25.8163,5.2142,0.9744,0.2939,0.6630,bad
1775985717.638,0.0000,146.2238,29.0006,22.5801,6.4235,0.9744,0.2939,0.6630,bad
1775985717.690,0.0000,146.2238,0.0000,17.8796,5.7641,0.9744,0.2939,0.6630,bad
1775985717.742,0.0000,146.2238,0.0000,21.6581,4.9513,0.9744,0.2939,0.6630,bad
1775985717.794,0.0000,146.2238,0.0000,16.8929,3.9362,0.9744,0.2939,0.6630,bad
1775985717.846,0.0000,146.2238,0.0000,17.3547,5.5805,0.9744,0.2939,0.6630,bad
1775985717.898,-6.2932,139.9306,-6.2932,17.4669,3.2732,0.9573,0.3491,0.6700,bad
1775985717.950,0.0000,139.9306,6.2932,19.2897,5.5617,0.9573,0.3491,0.6700,bad
1775985718.002,0.0000,139.9306,0.0000,15.5491,2.9033,0.9573,0.3491,0.6700,bad
1775985718.054,39.2170,179.1476,39.2170,13.9844,4.0199,0.9605,0.0050,0.6370,bad
1775985718.108,0.0000,179.1476,-39.2170,12.4877,2.8671,0.9605,0.0050,0.6370,bad
1775985718.162,0.0000,179.1476,0.0000,12.3880,4.2239,0.9605,0.0050,0.6370,bad
1775985718.227,-30.0687,149.0790,-30.0687,14.9632,2.4382,0.9622,0.2689,0.6900,bad
1775985718.279,7.7209,156.7999,37.7896,15.7639,2.7721,0.9561,0.2011,0.7130,bad
1775985718.332,0.0000,156.7999,-7.7209,12.8170,7.4276,0.9561,0.2011,0.7130,bad
1775985718.386,0.0000,156.7999,0.0000,15.2797,5.2521,0.9561,0.2011,0.7130,bad
1775985718.439,0.0000,156.7999,0.0000,12.9764,4.5400,0.9561,0.2011,0.7130,bad
1775985718.491,2.2002,159.0001,2.2002,13.5601,4.7570,0.9639,0.1818,0.7280,bad
1775985718.543,2.4730,161.4731,0.2729,15.8944,4.4443,0.9569,0.1601,0.6610,bad
1775985718.596,0.0000,161.4731,-2.4730,13.8253,3.8525,0.9569,0.1601,0.6610,bad
1775985718.649,0.0000,161.4731,0.0000,16.9119,5.1209,0.9569,0.1601,0.6610,bad
1775985718.702,-0.7165,160.7567,-0.7165,14.0702,2.7453,0.9661,0.1664,0.7110,bad
1775985718.755,-9.5213,151.2354,-8.8048,16.6109,6.3791,0.9583,0.2499,0.7320,bad
1775985718.810,0.0000,151.2354,9.5213,18.3446,4.1663,0.9583,0.2499,0.7320,bad
1775985718.866,22.2174,173.4527,22.2174,13.8282,5.1884,0.9831,0.0550,0.7480,bad
1775985718.920,2.4129,175.8656,-19.8045,18.6458,6.3459,0.9780,0.0338,0.7520,bad
1775985718.974,0.0000,175.8656,-2.4129,14.9670,4.7226,0.9780,0.0338,0.7520,bad
1775985719.026,-8.6037,167.2619,-8.6037,13.9979,2.7701,0.9858,0.1093,0.7720,bad
1775985719.078,0.0000,167.2619,8.6037,14.5027,5.8151,0.9858,0.1093,0.7720,bad
1775985719.130,-17.6791,149.5828,-17.6791,19.9721,6.5301,0.9674,0.2644,0.7290,bad
1775985719.183,0.0000,149.5828,17.6791,27.0139,1.0660,0.9674,0.2644,0.7290,bad
1775985719.236,10.0666,159.6495,10.0666,26.8880,3.8330,0.9655,0.1761,0.7100,bad
1775985719.288,2.5914,162.2408,-7.4753,28.0245,4.4230,0.9689,0.1534,0.7110,bad
1775985719.342,0.0000,162.2408,-2.5914,24.9550,3.5897,0.9689,0.1534,0.7110,bad
1775985719.395,-2.7691,159.4717,-2.7691,27.1881,2.1169,0.9290,0.1777,0.4870,bad
1775985719.447,0.0000,159.4717,2.7691,24.5796,3.2524,0.9290,0.1735,0.4870,bad
1775985719.499,0.0000,159.4717,0.0000,28.4208,2.2086,0.9290,0.1735,0.4870,bad
1775985719.552,-35.5145,123.9572,-35.5145,26.1787,7.0155,0.9147,0.4867,0.7040,bad
1775985719.604,-23.7731,100.1841,11.7413,27.6587,8.0390,0.9530,0.6964,0.7190,bad
1775985719.657,0.0000,100.1841,23.7731,26.1513,8.0181,0.9530,0.6964,0.7190,bad
1775985719.711,-28.5318,71.6523,-28.5318,24.8850,5.9343,0.9358,0.9480,0.6100,bad
1775985719.765,0.0000,71.6523,28.5318,29.2283,6.3866,0.9358,0.9480,0.6100,bad
1775985719.817,66.9778,138.6301,66.9778,29.3442,7.5836,0.9036,0.3573,0.5280,bad
1775985719.869,-6.9101,131.7200,-73.8879,28.7384,6.2581,0.9044,0.4183,0.4880,bad
1775985719.921,0.0000,131.7200,6.9101,25.7299,5.5512,0.9044,0.4183,0.4880,bad
1775985719.973,0.0000,131.7200,0.0000,30.0226,6.1191,0.9044,0.4183,0.4880,bad
1775985720.026,-30.7053,101.0147,-30.7053,28.4335,7.2385,0.9367,0.6890,0.5850,bad
1775985720.078,0.0000,101.0147,30.7053,30.6683,5.9047,0.9367,0.6890,0.5850,bad
1775985720.130,-17.4190,83.5957,-17.4190,29.1576,7.6851,0.9771,0.8426,0.6580,bad
1775985720.182,36.2220,119.8177,53.6410,29.3115,4.9425,0.9221,0.5232,0.6350,bad
1775985720.234,0.0000,119.8177,-36.2220,30.6399,6.6112,0.9221,0.5232,0.6350,bad
1775985720.288,39.1445,158.9622,39.1445,23.3318,7.5835,0.9400,0.1780,0.6990,bad
1775985720.343,15.8005,174.7627,-23.3440,21.6719,7.1739,0.8883,0.0387,0.4380,bad
1775985720.396,0.0000,174.7627,-15.8005,22.6863,5.8725,0.8883,0.0408,0.4380,bad
1775985720.448,0.0000,174.7627,0.0000,23.8108,7.3974,0.8883,0.0408,0.4380,bad
1775985720.501,-155.5488,19.2139,-155.5488,19.8173,6.3724,0.8986,1.0000,0.3740,bad
1775985720.553,0.0000,19.2139,155.5488,20.4985,2.8452,0.8986,1.0000,0.3740,bad
1775985720.606,158.2073,177.4212,158.2073,17.1748,6.6617,0.9866,0.0108,0.7520,bad
1775985720.659,-36.7011,140.7201,-194.9084,21.4745,5.3454,0.9944,0.2403,0.6930,bad
1775985720.712,0.0000,140.7201,36.7011,17.7205,4.4874,0.9944,0.2403,0.6930,bad
1775985720.763,37.9860,178.7061,37.9860,18.7342,3.7374,0.9788,0.0028,0.6880,bad
1775985720.818,-23.9314,154.7746,-61.9175,19.6994,3.4777,0.9820,0.1524,0.6900,bad
1775985720.874,0.0000,154.7746,23.9314,17.0448,4.5742,0.9820,0.1524,0.6900,bad
1775985720.927,21.7648,176.5394,21.7648,19.5574,4.8048,0.9612,0.0163,0.7210,bad
1775985720.978,0.0000,176.5394,-21.7648,16.9434,4.2156,0.9612,0.0163,0.7210,bad
1775985721.031,0.0000,176.5394,0.0000,17.7181,5.4100,0.9612,0.0163,0.7210,bad
1775985721.084,-8.1373,168.4021,-8.1373,17.5447,4.8579,0.9504,0.0672,0.7410,bad
1775985721.137,-7.5358,160.8664,0.6015,17.5522,0.0000,0.9776,0.1143,0.7150,bad
1775985721.189,0.0000,160.8664,7.5358,18.0023,0.0000,0.9776,0.1143,0.7150,bad
1775985721.241,4.5524,165.4187,4.5524,20.7359,1.7826,0.9723,0.0858,0.6850,bad
1775985721.293,0.0000,165.4187,-4.5524,16.8090,1.1177,0.9723,0.0858,0.6850,bad
1775985721.345,-1.6263,163.7925,-1.6263,16.1079,0.0000,0.9656,0.0960,0.6850,bad
1775985721.397,0.0000,163.7925,1.6263,16.4475,6.7330,0.9656,0.0960,0.6850,bad
1775985721.449,1.1951,164.9876,1.1951,17.8502,4.4307,0.9713,0.0885,0.7230,bad
1775985721.501,0.0000,164.9876,-1.1951,19.4371,2.9612,0.9713,0.0885,0.7230,bad
1775985721.554,1.1491,166.1366,1.1491,15.6935,2.7132,0.9599,0.0814,0.6690,bad
1775985721.605,0.7058,166.8425,-0.4433,14.5746,4.9299,0.9727,0.0769,0.6930,bad
1775985721.658,0.0000,166.8425,-0.7058,17.6870,4.7028,0.9727,0.0769,0.6930,bad
1775985721.710,3.9185,170.7609,3.9185,13.8986,1.3047,0.9438,0.0524,0.7110,bad
1775985721.761,-18.4174,152.3436,-22.3359,16.3298,0.0000,0.9646,0.1676,0.7560,bad
1775985721.813,0.0000,152.3436,18.4174,16.4001,0.0000,0.9646,0.1676,0.7560,bad
1775985721.864,0.0000,152.3436,0.0000,15.7822,0.0000,0.9646,0.1676,0.7560,bad
1775985721.917,0.0000,152.3436,0.0000,15.8704,1.5977,0.9646,0.1676,0.7560,bad
1775985721.970,24.1544,176.4980,24.1544,12.6480,0.0000,0.9781,0.0166,0.7050,bad
1775985722.022,0.0000,176.4980,-24.1544,14.4654,4.1861,0.9781,0.0166,0.7050,bad
1775985722.073,0.0000,176.4980,0.0000,17.3488,3.3789,0.9781,0.0166,0.7050,bad
1775985722.125,2.7234,179.2213,2.7234,12.8813,1.8656,0.9846,0.0000,0.7170,bad
1775985722.177,0.0000,179.2213,-2.7234,16.6494,0.0000,0.9846,0.0000,0.7170,bad
1775985722.282,-36.5554,142.6660,-36.5554,26.5495,0.0205,0.9575,0.2285,0.7270,bad
1775985722.336,0.0000,142.6660,36.5554,25.9084,0.6847,0.9575,0.2285,0.7270,bad
1775985722.388,0.0000,142.6660,0.0000,31.4356,0.0000,0.9575,0.2285,0.7270,bad
1775985722.440,0.0000,142.6660,0.0000,29.0596,3.9598,0.9575,0.2285,0.7270,bad
1775985722.493,17.7404,160.4064,17.7404,31.7133,3.9415,0.9696,0.1176,0.6410,bad
1775985722.546,0.0000,160.4064,-17.7404,31.9133,13.4165,0.9696,0.1176,0.6410,bad
1775985722.598,0.0000,160.4064,0.0000,31.6155,13.9301,0.9696,0.1176,0.6410,bad
1775985722.649,-48.7985,111.6080,-48.7985,32.5289,16.4428,0.9079,0.4226,0.6750,bad
1775985722.701,0.0000,111.6080,48.7985,32.3483,15.2839,0.9079,0.4226,0.6750,bad
1775985722.753,-3.9546,107.6534,-3.9546,32.6027,17.3593,0.9466,0.4473,0.7450,bad
1775985722.804,0.0000,107.6534,3.9546,31.7024,15.6658,0.9466,0.4473,0.7450,bad
1775985722.857,0.0000,107.6534,0.0000,31.3618,17.7319,0.9466,0.4473,0.7450,bad
1775985722.908,-44.5583,63.0951,-44.5583,34.3895,18.9004,0.9903,0.7258,0.7150,bad
1775985722.960,-11.6398,51.4553,32.9185,34.6950,17.5028,0.9623,0.7985,0.6740,bad
1775985723.011,0.0000,51.4553,11.6398,34.7853,13.3218,0.9623,0.7985,0.6740,bad
1775985723.063,0.0000,51.4553,0.0000,33.5385,15.9190,0.9623,0.7985,0.6740,bad
1775985723.116,6.9408,58.3961,6.9408,37.2373,14.6991,0.9603,0.7551,0.6370,bad
1775985723.169,0.0000,58.3961,-6.9408,34.7446,18.0380,0.9603,0.7551,0.6370,bad
1775985723.221,73.3466,131.7428,73.3466,32.0322,17.9286,0.9266,0.2967,0.6560,bad
1775985723.273,0.0000,131.7428,-73.3466,34.3604,17.4102,0.9266,0.2967,0.6560,bad
1775985723.325,-21.6666,110.0762,-21.6666,32.7330,16.9964,0.9207,0.4321,0.6220,bad
1775985723.377,0.0000,110.0762,21.6666,35.2455,18.2678,0.9207,0.4321,0.6220,bad
1775985723.429,56.8552,166.9314,56.8552,28.8351,15.7651,0.9675,0.0768,0.6050,bad
1775985723.481,0.0000,166.9314,-56.8552,28.2885,19.3702,0.9675,0.0768,0.6050,bad
1775985723.533,0.0000,166.9314,0.0000,25.2595,18.0488,0.9675,0.0768,0.6050,bad
1775985723.585,10.9975,177.9289,10.9975,23.8239,16.5189,0.9750,0.0081,0.6930,bad
1775985723.637,0.0000,177.9289,-10.9975,24.2877,17.3085,0.9750,0.0081,0.6930,bad
1775985723.690,-26.8043,151.1246,-26.8043,24.2872,14.8393,0.9785,0.1756,0.7120,bad
1775985723.742,26.5586,177.6832,53.3629,21.3617,12.8756,0.9869,0.0096,0.7490,bad
1775985723.794,0.0000,177.6832,-26.5586,23.0585,8.1453,0.9869,0.0096,0.7490,bad
1775985723.848,0.3377,178.0209,0.3377,25.7202,8.4234,0.9821,0.0075,0.7160,bad
1775985723.901,0.0000,178.0209,-0.3377,22.1152,7.1513,0.9821,0.0075,0.7160,bad
1775985723.954,-1.7975,176.2234,-1.7975,23.8693,8.3860,0.9896,0.0187,0.7190,bad
1775985724.006,1.5748,177.7981,3.3723,28.8297,9.9554,0.9951,0.0089,0.7440,bad
1775985724.059,-5.6987,172.0994,-7.2735,24.5464,3.1611,0.9752,0.0445,0.7470,bad
1775985724.112,0.0000,172.0994,5.6987,21.6066,6.0566,0.9752,0.0445,0.7470,bad
1775985724.164,-9.5549,162.5445,-9.5549,23.8287,3.9517,0.9717,0.1042,0.7610,bad
1775985724.217,0.0000,162.5445,9.5549,26.4242,7.3233,0.9717,0.1042,0.7610,bad
1775985724.269,0.0000,162.5445,0.0000,25.4999,5.3517,0.9717,0.1042,0.7610,bad
1775985724.325,-2.3347,160.2098,-2.3347,22.4717,3.9351,0.9784,0.1188,0.7460,bad
1775985724.380,-3.9898,156.2200,-1.6550,25.5343,4.5917,0.9561,0.1438,0.7530,bad
1775985724.434,0.0000,156.2200,3.9898,24.6475,6.9867,0.9561,0.1438,0.7530,bad
1775985724.486,2.2715,158.4915,2.2715,26.0888,5.6607,0.9678,0.1296,0.7180,bad
1775985724.537,0.0000,158.4915,-2.2715,22.9917,5.8506,0.9678,0.1296,0.7180,bad
1775985724.590,2.4275,160.9190,2.4275,24.6067,7.1645,0.9857,0.1144,0.7050,bad
1775985724.642,0.0000,160.9190,-2.4275,25.7837,5.4174,0.9857,0.1144,0.7050,bad
1775985724.695,4.9202,165.8392,4.9202,18.9998,5.6718,0.9695,0.0836,0.6750,bad
1775985724.748,0.0000,165.8392,-4.9202,23.8077,3.7963,0.9695,0.0836,0.6750,bad
1775985724.802,-1.4424,164.3969,-1.4424,24.8969,0.6050,0.9729,0.0926,0.7500,bad
1775985724.855,0.0000,164.3969,1.4424,20.5838,4.1411,0.9729,0.0926,0.7500,bad
1775985724.907,-1.6018,162.7951,-1.6018,21.7594,2.9891,0.9807,0.1027,0.7770,bad
1775985724.962,8.6955,171.4906,10.2973,21.3313,5.1687,0.9714,0.0483,0.7430,bad
1775985725.016,0.0000,171.4906,-8.6955,20.5632,1.3303,0.9714,0.0483,0.7430,bad
1775985725.069,7.2547,178.7453,7.2547,17.8159,5.2282,0.9882,0.0030,0.7050,bad
1775985725.121,-38.0882,140.6571,-45.3430,19.3669,4.2686,0.9797,0.2410,0.3290,bad
1775985725.175,0.0000,140.6571,38.0882,21.2065,4.5165,0.9797,0.2410,0.3290,bad
1775985725.281,30.5734,171.2305,30.5734,22.2667,4.9139,0.9612,0.0499,0.2600,bad
1775985725.333,0.0000,171.2305,-30.5734,22.8794,3.9431,0.9612,0.0499,0.2600,bad
1775985725.387,-108.0270,63.2035,-108.0270,22.3005,3.4863,0.9515,0.7251,0.1770,bad
1775985725.440,0.0000,63.2035,108.0270,22.6772,5.6883,0.9515,0.7251,0.1770,bad
1775985725.494,97.1457,160.3493,97.1457,22.9760,4.8755,0.9953,0.1179,0.4240,bad
1775985725.547,0.0000,160.3493,-97.1457,20.3077,5.0191,0.9953,0.1179,0.4240,bad
1775985725.604,6.7474,167.0967,6.7474,23.0719,3.8620,0.9975,0.0758,0.4990,bad
1775985725.658,-14.7667,152.3300,-21.5141,21.5613,4.1501,0.9476,0.1681,0.5460,bad
1775985725.711,0.0000,152.3300,14.7667,20.6011,4.5409,0.9476,0.1681,0.5460,bad
1775985725.763,-17.0367,135.2933,-17.0367,20.8508,5.3554,0.9203,0.2745,0.6250,bad
1775985725.815,0.0000,135.2933,17.0367,22.4442,5.8999,0.9203,0.2745,0.6250,bad
1775985725.867,-7.7736,127.5198,-7.7736,23.2816,8.1025,0.9156,0.3231,0.7350,bad
1775985725.919,0.0000,127.5198,7.7736,22.7926,7.1484,0.9156,0.3231,0.7350,bad
1775985725.976,-77.5104,50.0094,-77.5104,21.3278,9.9665,0.9448,0.8075,0.7220,bad
1775985726.028,0.0000,50.0094,77.5104,21.1877,9.6196,0.9448,0.8075,0.7220,bad
1775985726.080,0.0000,50.0094,0.0000,19.1420,10.8470,0.9448,0.8075,0.7220,bad
1775985726.132,5.9119,55.9212,5.9119,22.2820,11.3972,0.9427,0.7706,0.5410,bad
1775985726.184,0.0000,55.9212,-5.9119,21.3648,9.1701,0.9427,0.7706,0.5410,bad
1775985726.235,-2.1670,53.7542,-2.1670,19.3585,12.4450,0.9500,0.7841,0.4070,bad
1775985726.288,0.0000,53.7542,2.1670,22.0258,11.2831,0.9500,0.7841,0.4070,bad
1775985726.342,0.0000,53.7542,0.0000,23.6028,8.4732,0.9500,0.7841,0.4070,bad
1775985726.394,0.0000,53.7542,0.0000,20.2833,11.2661,0.9500,0.7841,0.4070,bad
1775985726.447,0.0000,53.7542,0.0000,20.4428,12.5269,0.9500,0.7841,0.4070,bad
1775985726.500,0.0000,53.7542,0.0000,23.0390,11.3489,0.9500,0.7841,0.4070,bad
1775985726.553,0.0000,53.7542,0.0000,19.9757,11.0386,0.9500,0.7841,0.4070,bad
1775985726.605,55.2640,109.0182,55.2640,20.9519,11.1917,0.9431,0.4387,0.4430,bad
1775985726.657,0.0000,109.0182,-55.2640,21.1661,10.2421,0.9431,0.4387,0.4430,bad
1775985726.708,36.6779,145.6962,36.6779,20.8859,10.5602,0.9464,0.2095,0.7090,bad
1775985726.761,0.0000,145.6962,-36.6779,21.9585,8.9713,0.9464,0.2095,0.7090,bad
1775985726.813,0.0000,145.6962,0.0000,22.3283,10.1835,0.9464,0.2095,0.7090,bad
1775985726.865,0.0000,145.6962,0.0000,22.8223,13.2931,0.9464,0.2095,0.7090,bad
1775985726.918,0.0000,145.6962,0.0000,20.4552,9.2357,0.9464,0.2095,0.7090,bad
1775985726.969,26.8197,172.5158,26.8197,21.7112,9.1154,0.9286,0.0519,0.4240,bad
1775985727.021,-40.0885,132.4273,-66.9082,22.1852,6.7465,0.9464,0.3621,0.5470,bad
1775985727.073,47.2526,179.6799,87.3411,20.7479,6.3831,0.9760,0.0000,0.6720,bad
1775985727.125,0.0000,179.6799,-47.2526,20.1171,6.0916,0.9760,0.0000,0.6720,bad
1775985727.177,-2.4500,177.2299,-2.4500,22.1373,6.2935,0.9794,0.0189,0.7110,bad
1775985727.229,0.0000,177.2299,2.4500,21.0133,6.7805,0.9794,0.0189,0.7110,bad
1775985727.281,-42.7664,134.4635,-42.7664,20.8655,4.0162,0.9508,0.3487,0.6510,bad
1775985727.333,0.0000,134.4635,42.7664,22.2521,3.9507,0.9508,0.3487,0.6510,bad
1775985727.385,0.0000,134.4635,0.0000,21.3455,3.6332,0.9508,0.3487,0.6510,bad
1775985727.436,42.1509,176.6145,42.1509,21.1887,5.1293,0.9201,0.0236,0.5540,bad
1775985727.488,0.0000,176.6145,-42.1509,17.9920,4.6887,0.9201,0.0236,0.5540,bad
1775985727.592,-10.7122,165.9023,-10.7122,18.6692,3.8509,0.9651,0.1063,0.7500,bad
1775985727.644,0.0000,165.9023,10.7122,15.5421,5.5003,0.9651,0.1063,0.7500,bad
1775985727.697,0.0000,165.9023,0.0000,17.3643,4.7630,0.9651,0.1063,0.7500,bad
1775985727.751,-1.5637,164.3385,-1.5637,18.7991,2.8291,0.9688,0.1183,0.7390,bad
1775985727.806,-0.0249,164.3137,1.5389,20.4255,3.9981,0.9680,0.1185,0.7460,bad
1775985727.860,0.0000,164.3137,0.0249,18.7414,3.7210,0.9680,0.1185,0.7460,bad
1775985727.915,-10.3387,153.9750,-10.3387,18.0715,2.5040,0.9625,0.1982,0.5980,bad
1775985727.968,6.4519,160.4269,16.7906,17.0302,3.6478,0.9625,0.1485,0.7100,bad
1775985728.024,0.0000,160.4269,-6.4519,16.5637,5.6944,0.9625,0.1485,0.7100,bad
1775985728.129,-7.9624,152.4645,-7.9624,18.5481,4.2274,0.9689,0.2099,0.7320,bad
1775985728.181,0.0000,152.4645,7.9624,14.2837,1.3699,0.9689,0.2099,0.7320,bad
1775985728.234,0.0000,152.4645,0.0000,14.4953,1.1687,0.9689,0.2099,0.7320,bad
1775985728.287,0.0000,152.4645,0.0000,16.5469,0.3120,0.9689,0.2099,0.7320,bad
1775985728.340,0.0000,152.4645,0.0000,14.4308,0.0000,0.9689,0.2099,0.7320,bad
1775985728.392,-2.7356,149.7289,-2.7356,18.6027,0.8456,0.9756,0.2310,0.7430,bad
1775985728.445,0.0000,149.7289,2.7356,17.9757,0.0000,0.9756,0.2310,0.7430,bad
1775985728.497,0.0000,149.7289,0.0000,18.6721,0.0000,0.9756,0.2310,0.7430,bad
1775985728.549,-5.0710,144.6579,-5.0710,14.1135,1.6571,0.9762,0.2701,0.6850,bad
1775985728.602,0.0000,144.6579,5.0710,17.9248,0.8316,0.9762,0.2701,0.6850,bad
1775985728.709,-15.5967,129.0612,-15.5967,15.6656,4.9458,0.9383,0.3904,0.6300,bad
1775985728.761,0.0000,129.0612,15.5967,18.0133,3.4412,0.9383,0.3904,0.6300,bad
1775985728.816,0.0000,129.0612,0.0000,17.6136,6.0306,0.9383,0.3904,0.6300,bad
1775985728.869,0.0000,129.0612,0.0000,20.2632,4.6650,0.9383,0.3904,0.6300,bad
1775985728.921,50.0595,179.1207,50.0595,19.1014,10.5464,0.9891,0.0043,0.6830,bad
1775985728.974,0.0000,179.1207,-50.0595,19.3410,9.2870,0.9891,0.0043,0.6830,bad
1775985729.026,-82.0187,97.1020,-82.0187,22.1477,8.9182,0.9568,0.6368,0.8090,bad
1775985729.077,-25.7621,71.3399,56.2566,21.4812,14.0779,0.9859,0.8355,0.7990,bad
1775985729.129,0.0000,71.3399,25.7621,20.5812,14.3807,0.9859,0.8355,0.7990,bad
1775985729.181,-3.6587,67.6812,-3.6587,19.3988,14.4874,0.9683,0.8637,0.6870,bad
1775985729.234,-9.1071,58.5741,-5.4484,17.4653,17.2982,0.9727,0.9339,0.7650,bad
1775985729.286,0.0000,58.5741,9.1071,21.7108,16.0434,0.9727,0.9339,0.7650,bad
1775985729.337,0.0000,58.5741,0.0000,21.4497,14.2725,0.9727,0.9339,0.7650,bad
1775985729.389,0.0000,58.5741,0.0000,22.0125,14.7452,0.9727,0.9339,0.7650,bad
1775985729.495,15.2790,73.8531,15.2790,23.2376,17.0204,0.9947,0.8161,0.7190,bad
1775985729.548,0.0000,73.8531,-15.2790,24.4399,14.4978,0.9947,0.8161,0.7190,bad
1775985729.652,59.7686,133.6217,59.7686,23.3227,18.1084,0.9376,0.3552,0.6770,bad
1775985729.705,0.0000,133.6217,-59.7686,22.2536,15.2781,0.9376,0.3552,0.6770,bad
1775985729.758,0.0000,133.6217,0.0000,25.6355,14.6360,0.9376,0.3552,0.6770,bad
1775985729.810,26.3477,159.9695,26.3477,20.9683,17.0873,0.9380,0.1520,0.6200,bad
1775985729.862,0.0000,159.9695,-26.3477,19.8074,16.0486,0.9380,0.1520,0.6200,bad
1775985729.915,0.0000,159.9695,0.0000,22.0716,12.2818,0.9380,0.1520,0.6200,bad
1775985729.967,-51.1575,108.8120,-51.1575,20.5379,14.7865,0.9231,0.5465,0.6090,bad
1775985730.026,0.0000,108.8120,51.1575,19.8345,11.7738,0.9231,0.5465,0.6090,bad
1775985730.129,40.3798,149.1918,40.3798,16.1502,13.1549,0.9580,0.2351,0.6420,bad
1775985730.183,0.0000,149.1918,-40.3798,16.6919,11.4503,0.9580,0.2351,0.6420,bad
1775985730.290,25.1898,174.3816,25.1898,16.1601,6.2662,0.9711,0.0409,0.6310,bad
1775985730.343,0.0000,174.3816,-25.1898,19.1476,3.8427,0.9711,0.0409,0.6310,bad
1775985730.447,-27.5353,146.8463,-27.5353,18.1514,6.3172,0.9564,0.2532,0.6860,bad
1775985730.507,0.0000,146.8463,27.5353,16.4569,4.3735,0.9564,0.2532,0.6860,bad
1775985730.568,17.9783,164.8246,17.9783,15.7182,3.8751,0.9214,0.1146,0.5530,bad
1775985730.620,0.0000,164.8246,-17.9783,15.3686,3.2579,0.9214,0.1146,0.5530,bad
1775985730.673,0.0000,164.8246,0.0000,12.7907,4.1428,0.9214,0.1146,0.5530,bad
1775985730.777,-4.2827,160.5419,-4.2827,16.6908,1.6715,0.9610,0.1476,0.5950,bad
1775985730.833,0.0000,160.5419,4.2827,16.6028,0.0000,0.9610,0.1476,0.5950,bad
1775985730.941,0.3656,160.9075,0.3656,15.0078,0.0388,0.9809,0.1448,0.6910,bad
1775985730.996,0.0000,160.9075,-0.3656,14.8475,0.0000,0.9809,0.1448,0.6910,bad
1775985731.048,-21.9070,139.0005,-21.9070,12.8810,0.5202,0.9615,0.3137,0.6260,bad
1775985731.101,0.0000,139.0005,21.9070,16.5413,0.0000,0.9615,0.3137,0.6260,bad
1775985731.153,0.0000,139.0005,0.0000,16.7586,0.7680,0.9615,0.3137,0.6260,bad
1775985731.256,16.1166,155.1171,16.1166,14.9535,0.0429,0.9305,0.1894,0.6190,bad
1775985731.309,0.0000,155.1171,-16.1166,15.1804,0.7427,0.9305,0.1894,0.6190,bad
1775985731.361,0.0000,155.1171,0.0000,16.3902,0.0000,0.9305,0.1894,0.6190,bad
1775985731.415,-8.0860,147.0311,-8.0860,16.4879,2.1337,0.9772,0.2518,0.7190,bad
1775985731.470,2.9108,149.9418,10.9968,13.6624,1.1733,0.9713,0.2293,0.6830,bad
1775985731.524,0.0000,149.9418,-2.9108,14.4800,4.2053,0.9713,0.2293,0.6830,bad
1775985731.577,0.0000,149.9418,0.0000,15.6490,3.4682,0.9713,0.2293,0.6830,bad
1775985731.630,27.0061,176.9479,27.0061,14.6341,3.7698,0.9759,0.0211,0.7160,bad
1775985731.684,0.0000,176.9479,-27.0061,15.0799,1.8971,0.9759,0.0211,0.7160,bad
1775985731.737,-29.8069,147.1411,-29.8069,16.7970,2.1710,0.9743,0.2509,0.7170,bad
1775985731.789,-7.3230,139.8181,22.4839,19.2053,0.8734,0.9627,0.3074,0.6550,bad
1775985731.842,0.0000,139.8181,7.3230,16.0234,2.9639,0.9627,0.3074,0.6550,bad
1775985731.896,17.8207,157.6388,17.8207,21.0471,4.0072,0.9843,0.1700,0.3570,bad
1775985731.949,0.0000,157.6388,-17.8207,20.1911,4.0847,0.9843,0.1700,0.3570,bad
1775985732.001,16.0841,173.7228,16.0841,22.0364,4.8808,0.9796,0.0459,0.7230,bad
1775985732.054,0.0000,173.7228,-16.0841,18.8715,8.0902,0.9796,0.0459,0.7230,bad
1775985732.108,-1.8568,171.8661,-1.8568,17.1646,6.9381,0.9238,0.0603,0.2470,bad
1775985732.162,-59.7607,112.1054,-57.9039,20.3229,9.3693,0.8974,0.5211,0.6040,bad
1775985732.214,0.0000,112.1054,59.7607,21.6105,10.1354,0.8974,0.5211,0.6040,bad
1775985732.266,-20.2258,91.8796,-20.2258,20.2624,10.6931,0.9704,0.6771,0.7090,bad
1775985732.319,-27.1740,64.7056,-6.9483,23.6618,11.7387,0.9943,0.8867,0.7830,bad
1775985732.373,0.0000,64.7056,27.1740,20.9317,12.0673,0.9943,0.8867,0.7830,bad
1775985732.425,-13.5075,51.1981,-13.5075,21.7706,10.3373,0.9721,0.9908,0.5680,bad
1775985732.478,2.7672,53.9653,16.2747,21.5529,12.3662,0.9187,0.9695,0.4820,bad
1775985732.532,0.0000,53.9653,-2.7672,26.0834,11.3930,0.9187,0.9695,0.4820,bad
1775985732.585,0.0000,53.9653,0.0000,20.5628,14.0221,0.9187,0.9695,0.4820,bad
1775985732.637,0.0000,53.9653,0.0000,22.7975,12.0943,0.9187,0.9695,0.4820,bad
1775985732.690,26.0855,80.0508,26.0855,20.1201,11.7174,0.9259,0.7683,0.4820,bad
1775985732.742,0.0000,80.0508,-26.0855,23.1525,14.0813,0.9259,0.7683,0.4820,bad
1775985732.795,0.0000,80.0508,0.0000,18.6031,11.2338,0.9259,0.7683,0.4820,bad
1775985732.953,8.4045,88.4554,8.4045,20.5825,11.9526,0.9879,0.7035,0.6790,bad
1775985733.005,0.0000,88.4554,-8.4045,21.0250,14.9715,0.9879,0.7035,0.6790,bad
1775985733.058,0.0000,88.4554,0.0000,20.3363,12.3567,0.9879,0.7035,0.6790,bad
1775985733.163,-58.9373,29.5181,-58.9373,17.8418,12.9055,0.9363,1.0000,0.2990,bad
1775985733.215,0.0000,29.5181,58.9373,19.1048,12.4723,0.9363,1.0000,0.2990,bad
1775985733.269,0.0000,29.5181,0.0000,17.7273,9.1367,0.9363,1.0000,0.2990,bad
1775985733.324,0.0000,29.5181,0.0000,19.1817,11.3277,0.9363,1.0000,0.2990,bad
1775985733.381,133.3752,162.8933,133.3752,17.3408,7.9485,0.9723,0.1118,0.2500,bad
1775985733.434,0.0000,162.8933,-133.3752,19.9020,8.7422,0.9723,0.1118,0.2500,bad
1775985733.486,0.0000,162.8933,0.0000,19.3872,7.1477,0.9723,0.1118,0.2500,bad
1775985733.539,13.1240,176.0173,13.1240,15.8745,6.0972,0.9738,0.0244,0.6720,bad
1775985733.591,0.0000,176.0173,-13.1240,17.6067,6.5491,0.9738,0.0244,0.6720,bad
1775985733.647,-35.1075,140.9098,-35.1075,17.8591,3.9389,0.9744,0.2582,0.7140,bad
1775985733.708,0.0000,140.9098,35.1075,19.4450,6.7720,0.9744,0.2582,0.7140,bad
1775985733.766,3.4904,144.4002,3.4904,16.9059,2.6292,0.9604,0.2349,0.6960,bad
1775985733.818,0.0000,144.4002,-3.4904,18.2475,4.5963,0.9604,0.2349,0.6960,bad
1775985733.870,0.0000,144.4002,0.0000,20.3853,0.0000,0.9604,0.2349,0.6960,bad
1775985733.922,0.0000,144.4002,0.0000,19.3094,1.2906,0.9604,0.2349,0.6960,bad
1775985734.028,25.4607,169.8609,25.4607,16.1466,2.6176,0.9502,0.0654,0.6700,bad
1775985734.081,0.0000,169.8609,-25.4607,18.1908,0.6773,0.9502,0.0654,0.6700,bad
1775985734.133,-9.1397,160.7212,-9.1397,19.4695,0.4726,0.9689,0.1263,0.7350,bad
1775985734.185,0.0000,160.7212,9.1397,18.2810,0.0000,0.9689,0.1263,0.7350,bad
1775985734.237,-4.0356,156.6856,-4.0356,13.5656,0.1507,0.9795,0.1531,0.7610,bad
1775985734.290,0.0000,156.6856,4.0356,18.0742,0.0000,0.9795,0.1500,0.7610,bad
1775985734.344,0.6928,157.3784,0.6928,19.3551,2.4500,0.9667,0.1453,0.6900,bad
1775985734.397,3.7382,161.1167,3.0454,18.7445,1.1910,0.9622,0.1203,0.6770,bad
1775985734.450,0.0000,161.1167,-3.7382,18.9164,0.0000,0.9622,0.1203,0.6770,bad
1775985734.505,0.0000,161.1167,0.0000,21.0296,0.0906,0.9622,0.1203,0.6770,bad
1775985734.557,14.5036,175.6202,14.5036,17.8709,4.3738,0.9646,0.0234,0.7400,bad
1775985734.611,0.0000,175.6202,-14.5036,18.3933,0.4082,0.9646,0.0234,0.7400,bad
1775985734.665,0.0000,175.6202,0.0000,16.5268,2.1794,0.9646,0.0234,0.7400,bad
1775985734.722,3.2382,178.8584,3.2382,16.9841,0.0000,0.9710,0.0018,0.7380,bad
1775985734.774,0.0000,178.8584,-3.2382,17.4381,0.7104,0.9710,0.0018,0.7380,bad
1775985734.827,-38.0071,140.8513,-38.0071,19.2107,0.0000,0.9623,0.2558,0.7050,bad
1775985734.878,-1.3712,139.4800,36.6359,17.6998,0.0000,0.9696,0.2650,0.7180,bad
1775985734.930,0.0000,139.4800,1.3712,20.7845,1.1906,0.9696,0.2650,0.7180,bad
1775985734.982,0.0000,139.4800,0.0000,19.9762,0.0000,0.9696,0.2650,0.7180,bad
1775985735.035,34.6429,174.1230,34.6429,22.8813,0.0000,0.9673,0.0334,0.7170,bad
1775985735.087,0.0000,174.1230,-34.6429,22.7500,1.0278,0.9673,0.0334,0.7170,bad
1775985735.141,0.0000,174.1230,0.0000,25.9423,0.0000,0.9673,0.0334,0.7170,bad
1775985735.195,-25.2590,148.8640,-25.2590,27.3846,0.0000,0.9541,0.2022,0.4520,bad
1775985735.247,0.0000,148.8640,25.2590,24.7939,0.0000,0.9541,0.2022,0.4520,bad
1775985735.299,0.0000,148.8640,0.0000,25.2085,1.7866,0.9541,0.2022,0.4520,bad
1775985735.352,0.0000,148.8640,0.0000,34.6633,5.2441,0.9541,0.2022,0.4520,bad
1775985735.457,17.1153,165.9793,17.1153,36.8821,4.6319,0.9516,0.0878,0.5900,bad
1775985735.510,0.0000,165.9793,-17.1153,36.6887,6.3460,0.9516,0.0878,0.5900,bad
1775985735.562,0.0000,165.9793,0.0000,42.8603,4.5741,0.9516,0.0878,0.5900,bad
1775985735.614,-40.8225,125.1568,-40.8225,42.4311,5.7296,0.9314,0.3607,0.7210,bad
1775985735.666,-45.6930,79.4638,-4.8705,42.8850,6.9992,0.9802,0.6661,0.7770,bad
1775985735.719,0.0000,79.4638,45.6930,41.5552,6.6690,0.9802,0.6661,0.7770,bad
1775985735.772,36.9856,116.4495,36.9856,42.4594,7.8714,0.9163,0.4189,0.6210,bad
1775985735.824,-10.8413,105.6082,-47.8269,44.5700,5.3465,0.9112,0.4914,0.5100,bad
1775985735.877,0.0000,105.6082,10.8413,40.8021,7.7436,0.9112,0.4914,0.5100,bad
1775985735.929,0.8648,106.4730,0.8648,40.0887,8.6838,0.9690,0.4856,0.4730,bad
1775985735.981,0.0000,106.4730,-0.8648,42.8237,6.7191,0.9690,0.4856,0.4730,bad
1775985736.035,0.0000,106.4730,0.0000,40.5781,8.5726,0.9690,0.4847,0.4730,bad
1775985736.088,-9.6520,96.8210,-9.6520,39.7783,8.5077,0.9973,0.5493,0.6110,bad
1775985736.141,49.7819,146.6029,59.4339,42.6517,8.8548,0.9149,0.2160,0.6530,bad
1775985736.194,0.0000,146.6029,-49.7819,40.3418,7.9738,0.9149,0.2160,0.6530,bad
1775985736.246,-26.0371,120.5658,-26.0371,42.1666,10.0990,0.9204,0.3903,0.6220,bad
1775985736.298,30.7758,151.3415,56.8129,40.0927,11.1370,0.9367,0.1843,0.6060,bad
1775985736.351,0.0000,151.3415,-30.7758,39.5541,8.9092,0.9367,0.1843,0.6060,bad
1775985736.403,18.6419,169.9835,18.6419,38.6256,8.4425,0.9109,0.0594,0.4410,bad
1775985736.459,2.0321,172.0155,-16.6099,40.1808,7.9923,0.9244,0.0458,0.5050,bad
1775985736.513,0.0000,172.0155,-2.0321,37.2657,5.9719,0.9244,0.0458,0.5050,bad
1775985736.566,0.0000,172.0155,0.0000,29.1804,4.8340,0.9244,0.0458,0.5050,bad
1775985736.618,-35.5523,136.4632,-35.5523,30.5516,5.2442,0.8945,0.2839,0.4060,bad
1775985736.670,0.0000,136.4632,35.5523,34.1537,7.3303,0.8945,0.2839,0.4060,bad
1775985736.722,0.0000,136.4632,0.0000,21.4839,5.5932,0.8945,0.2839,0.4060,bad
1775985736.774,38.8089,175.2721,38.8089,19.7701,6.2765,0.9621,0.0240,0.6350,bad
1775985736.827,0.0000,175.2721,-38.8089,21.6735,0.2280,0.9621,0.0240,0.6350,bad
1775985736.983,-11.1167,164.1554,-11.1167,23.2660,4.0469,0.9575,0.0985,0.6780,bad
1775985737.035,0.0000,164.1554,11.1167,21.5668,4.6359,0.9575,0.0985,0.6780,bad
1775985737.088,-20.5106,143.6449,-20.5106,18.6567,5.0457,0.9387,0.2358,0.6720,bad
1775985737.141,0.0000,143.6449,20.5106,17.7048,0.2150,0.9387,0.2358,0.6720,bad
1775985737.196,29.7267,173.3716,29.7267,17.7386,0.5472,0.9474,0.0367,0.6420,bad
1775985737.250,0.0000,173.3716,-29.7267,17.3957,0.2640,0.9474,0.0367,0.6420,bad
1775985737.302,-43.5128,129.8587,-43.5128,17.7553,0.6596,0.9133,0.3281,0.3510,bad
1775985737.353,-12.5635,117.2952,30.9493,16.4357,0.0000,0.9573,0.4122,0.5500,bad
1775985737.406,0.0000,117.2952,12.5635,15.1701,3.1743,0.9573,0.4122,0.5500,bad
1775985737.458,0.0000,117.2952,0.0000,13.9388,0.8668,0.9573,0.4122,0.5500,bad
1775985737.510,37.7445,155.0397,37.7445,19.2856,0.2961,0.9616,0.1595,0.6920,bad
1775985737.563,0.0000,155.0397,-37.7445,16.0549,0.0000,0.9616,0.1595,0.6920,bad
1775985737.614,-0.3317,154.7080,-0.3317,13.6626,0.0000,0.9777,0.1617,0.7420,bad
1775985737.666,0.0000,154.7080,0.3317,16.7653,2.2652,0.9777,0.1617,0.7420,bad
1775985737.769,9.2680,163.9760,9.2680,13.2182,0.0000,0.9482,0.0997,0.7080,bad
1775985737.823,0.0000,163.9760,-9.2680,14.7411,0.0852,0.9482,0.0997,0.7080,bad
1775985737.876,0.0000,163.9760,0.0000,14.5769,0.0000,0.9482,0.0997,0.7080,bad
1775985738.033,-14.7102,149.2658,-14.7102,15.2202,0.7501,0.9591,0.1982,0.7060,bad
1775985738.087,0.0000,149.2658,14.7102,13.5336,0.3978,0.9591,0.1982,0.7060,bad
1775985738.140,0.0000,149.2658,0.0000,15.1395,2.2737,0.9591,0.1982,0.7060,bad
1775985738.244,25.2757,174.5415,25.2757,12.3242,0.1473,0.9373,0.0289,0.3810,bad
1775985738.296,0.0000,174.5415,-25.2757,14.3816,0.0000,0.9373,0.0289,0.3810,bad
1775985738.348,0.0000,174.5415,0.0000,17.2806,1.4277,0.9373,0.0289,0.3810,bad
1775985738.401,0.0000,174.5415,0.0000,18.4777,2.2992,0.9373,0.0289,0.3810,bad
1775985738.453,-137.5901,36.9515,-137.5901,15.8956,1.0303,0.9650,0.9502,0.2810,bad
1775985738.505,0.0000,36.9515,137.5901,15.7281,1.5173,0.9650,0.9502,0.2810,bad
1775985738.557,0.0000,36.9515,0.0000,19.6436,0.0000,0.9650,0.9502,0.2810,bad
1775985738.610,140.8075,177.7590,140.8075,23.8445,0.1881,0.9272,0.0074,0.3080,bad
1775985738.662,0.0000,177.7590,-140.8075,23.3359,3.3904,0.9272,0.0074,0.3080,bad
1775985738.714,0.0000,177.7590,0.0000,23.4968,6.7688,0.9272,0.0074,0.3080,bad
1775985738.768,0.0000,177.7590,0.0000,25.8603,6.2247,0.9272,0.0074,0.3080,bad
1775985738.823,-146.5751,31.1839,-146.5751,25.1406,9.0169,0.9210,0.9888,0.3460,bad
1775985738.877,0.0000,31.1839,146.5751,25.4658,10.5238,0.9210,0.9888,0.3460,bad
1775985738.981,40.3705,71.5544,40.3705,23.8116,10.6574,0.9875,0.7185,0.4290,bad
1775985739.033,0.0000,71.5544,-40.3705,28.3436,7.7048,0.9875,0.7185,0.4290,bad
1775985739.086,0.0000,71.5544,0.0000,25.6617,9.5119,0.9875,0.7185,0.4290,bad
1775985739.189,-28.8906,42.6638,-28.8906,25.6071,9.1875,0.9750,0.9120,0.4390,bad
1775985739.241,0.0000,42.6638,28.8906,30.2053,9.8662,0.9750,0.9120,0.4390,bad
1775985739.293,0.0000,42.6638,0.0000,32.8939,11.9600,0.9750,0.9120,0.4390,bad
1775985739.449,30.3170,72.9808,30.3170,32.8510,9.6082,0.9879,0.7090,0.6190,bad
1775985739.502,0.0000,72.9808,-30.3170,27.4414,9.1011,0.9879,0.7090,0.6190,bad
1775985739.555,0.0000,72.9808,0.0000,29.6415,8.7420,0.9879,0.7090,0.6190,bad
1775985739.664,0.0000,72.9808,0.0000,25.4148,9.7027,0.9879,0.7090,0.6190,bad
1775985739.716,0.0000,72.9808,0.0000,26.1286,8.8616,0.9879,0.7090,0.6190,bad
1775985739.768,51.1048,124.0857,51.1048,24.3299,8.3986,0.9482,0.3668,0.5360,bad
1775985739.820,0.0000,124.0857,-51.1048,24.8371,7.6331,0.9482,0.3668,0.5360,bad
1775985739.872,0.0000,124.0857,0.0000,25.8967,7.7222,0.9482,0.3668,0.5360,bad
1775985739.924,0.0000,124.0857,0.0000,20.7254,7.2612,0.9482,0.3668,0.5360,bad
1775985739.976,-45.8494,78.2363,-45.8494,22.4624,7.2862,0.9187,0.6738,0.5690,bad
1775985740.030,-0.4338,77.8024,45.4156,19.8754,2.7465,0.9116,0.6767,0.6020,bad
1775985740.082,0.0000,77.8024,0.4338,20.2300,3.9296,0.9116,0.6767,0.6020,bad
1775985740.133,0.0000,77.8024,0.0000,20.6253,4.5305,0.9116,0.6767,0.6020,bad
1775985740.186,1.0275,78.8300,1.0275,18.4172,5.7087,0.8993,0.6698,0.5930,bad
1775985740.239,0.0000,78.8300,-1.0275,19.0569,3.6169,0.8993,0.6698,0.5930,bad
1775985740.293,0.0000,78.8300,0.0000,17.5123,3.7558,0.8993,0.6698,0.5930,bad
1775985740.346,0.0000,78.8300,0.0000,17.7223,3.8539,0.8993,0.6774,0.5930,bad
1775985740.399,-6.8848,71.9451,-6.8848,18.7039,1.2503,0.9062,0.7240,0.5960,bad
1775985740.450,8.2068,80.1519,15.0917,18.2451,3.6556,0.9519,0.6684,0.4230,bad
1775985740.505,0.0000,80.1519,-8.2068,13.7927,0.9261,0.9519,0.6684,0.4230,bad
1775985740.558,0.0000,80.1519,0.0000,16.9384,1.2217,0.9519,0.6684,0.4230,bad
1775985740.610,-39.0951,41.0568,-39.0951,15.4690,3.7588,0.9507,0.9331,0.4920,bad
1775985740.662,0.0000,41.0568,39.0951,16.1004,0.0000,0.9507,0.9331,0.4920,bad
1775985740.714,0.0000,41.0568,0.0000,11.6473,0.0000,0.9507,0.9331,0.4920,bad
1775985740.767,120.0546,161.1114,120.0546,15.4136,1.0588,0.9693,0.1202,0.4730,bad
1775985740.820,0.0000,161.1114,-120.0546,15.5010,0.0000,0.9693,0.1202,0.4730,bad
1775985740.924,-39.7718,121.3396,-39.7718,11.3725,0.0000,0.9474,0.3895,0.5780,bad
1775985740.977,0.0000,121.3396,39.7718,17.5717,0.0000,0.9474,0.3895,0.5780,bad
1775985741.029,0.0000,121.3396,0.0000,12.9954,0.0000,0.9474,0.3895,0.5780,bad
1775985741.081,12.8236,134.1632,12.8236,14.7661,2.5872,0.9771,0.3027,0.6140,bad
1775985741.133,3.0652,137.2284,-9.7584,14.9544,3.3927,0.9556,0.2819,0.6430,bad
1775985741.186,0.0000,137.2284,-3.0652,13.1056,0.0000,0.9556,0.2819,0.6430,bad
1775985741.238,0.1682,137.3966,0.1682,15.0326,0.0000,0.9579,0.2808,0.6580,bad
1775985741.289,7.7183,145.1149,7.5501,17.1469,0.0000,0.9718,0.2285,0.5850,bad
1775985741.343,0.0000,145.1149,-7.7183,14.2788,0.0000,0.9718,0.2285,0.5850,bad
1775985741.395,-2.3459,142.7690,-2.3459,17.3458,0.0000,0.9864,0.2444,0.6210,bad
1775985741.448,0.0000,142.7690,2.3459,21.1344,0.0000,0.9864,0.2444,0.6210,bad
1775985741.502,0.0000,142.7690,0.0000,18.4759,0.0000,0.9864,0.2444,0.6210,bad
1775985741.555,3.3305,146.0995,3.3305,22.5218,0.0000,0.9578,0.2218,0.5430,bad
1775985741.607,0.0000,146.0995,-3.3305,24.7700,0.1728,0.9578,0.2218,0.5430,bad
1775985741.661,0.0000,146.0995,0.0000,33.6335,6.3053,0.9578,0.2218,0.5430,bad
1775985741.718,0.0000,146.0995,0.0000,42.5085,3.4496,0.9578,0.2218,0.5430,bad
1775985741.822,4.4584,150.5579,4.4584,44.1601,3.3729,0.9903,0.1856,0.5920,bad
1775985741.876,0.0000,150.5579,-4.4584,44.1751,2.1522,0.9903,0.1856,0.5920,bad
1775985741.928,0.0000,150.5579,0.0000,43.8572,5.1908,0.9903,0.1856,0.5920,bad
1775985741.983,0.0000,150.5579,0.0000,45.5102,9.3293,0.9903,0.1856,0.5920,bad
1775985742.036,-11.9956,138.5623,-11.9956,46.4497,9.8614,0.9785,0.2674,0.5000,bad
1775985742.088,0.0000,138.5623,11.9956,46.7372,13.4452,0.9785,0.2674,0.5000,bad
1775985742.141,10.7108,149.2731,10.7108,46.6918,14.1378,0.9797,0.1943,0.5560,bad
1775985742.193,0.0000,149.2731,-10.7108,46.3257,14.1138,0.9797,0.1943,0.5560,bad
1775985742.252,-105.3256,43.9474,-105.3256,47.6412,19.0829,0.9847,0.9129,0.3480,bad
1775985742.305,0.0000,43.9474,105.3256,50.0859,20.1719,0.9847,0.9129,0.3480,bad
1775985742.358,0.0000,43.9474,0.0000,48.1507,18.5448,0.9847,0.9129,0.3480,bad
1775985742.432,-23.5755,20.3720,-23.5755,48.7726,20.2121,0.9587,1.0000,0.3430,bad
1775985742.485,12.8945,33.2665,36.4700,44.5387,17.1280,0.9985,0.9181,0.4890,bad
1775985742.536,0.0000,33.2665,-12.8945,48.0185,17.0658,0.9985,0.9181,0.4890,bad
1775985742.589,-10.2791,22.9874,-10.2791,50.4758,16.5063,0.9004,0.9834,0.3400,bad
1775985742.641,0.0000,22.9874,10.2791,51.6927,19.4747,0.9004,0.9834,0.3400,bad
1775985742.693,6.8491,29.8365,6.8491,51.0227,19.2576,0.9008,0.9399,0.4030,bad
1775985742.745,16.9581,46.7946,10.1090,49.2811,18.1489,0.9174,0.8321,0.3960,bad
1775985742.797,0.0000,46.7946,-16.9581,45.2327,17.7619,0.9174,0.8321,0.3960,bad
1775985742.900,129.5819,176.3766,129.5819,39.8453,22.5544,0.9662,0.0088,0.4620,bad
1775985742.953,0.0000,176.3766,-129.5819,37.2965,18.5438,0.9662,0.0088,0.4620,bad
1775985743.004,-72.1573,104.2193,-72.1573,30.8853,21.0146,0.9357,0.4673,0.6350,bad
1775985743.057,-97.4774,6.7420,-25.3201,32.9077,18.7130,0.9532,1.0000,0.3060,bad
1775985743.110,0.0000,6.7420,97.4774,31.9486,17.6312,0.9532,1.0000,0.3060,bad
1775985743.163,129.1446,135.8866,129.1446,31.9088,20.0611,0.9554,0.2448,0.5550,bad
1775985743.215,-104.6898,31.1968,-233.8344,33.3882,19.1210,0.9919,0.8570,0.2660,bad
1775985743.266,0.0000,31.1968,104.6898,32.1639,16.2070,0.9919,0.8570,0.2660,bad
1775985743.317,0.0000,31.1968,0.0000,31.3138,16.6473,0.9919,0.8570,0.2660,bad
1775985743.369,14.6141,45.8109,14.6141,30.1433,12.9902,0.9223,0.7715,0.3150,bad
1775985743.420,0.0000,45.8109,-14.6141,33.2934,3.8837,0.9223,0.7715,0.3150,bad
1775985743.474,-5.0945,40.7164,-5.0945,31.3894,5.6899,0.9987,0.8013,0.3950,bad
1775985743.527,-28.6420,12.0744,-23.5475,32.5988,3.7807,0.9064,0.9688,0.3560,bad
1775985743.582,0.0000,12.0744,28.6420,32.0078,2.5840,0.9064,0.9688,0.3560,bad
1775985743.637,0.0000,12.0744,0.0000,29.6515,2.5424,0.9064,0.9688,0.3560,bad
1775985743.691,156.6378,168.7123,156.6378,28.6203,6.3743,0.9901,0.0529,0.3910,bad
1775985743.743,0.0000,168.7123,-156.6378,26.0105,1.2487,0.9901,0.0529,0.3910,bad
1775985743.796,-153.4052,15.3071,-153.4052,25.7271,4.7476,0.9010,0.9499,0.3330,bad
1775985743.850,25.7227,41.0298,179.1279,19.0168,2.7479,0.9937,0.7995,0.3440,bad
1775985743.903,0.0000,41.0298,-25.7227,23.3136,6.6445,0.9937,0.7995,0.3440,bad
1775985744.059,2.2862,43.3159,2.2862,22.6426,3.5762,0.9553,0.7861,0.3080,bad
1775985744.112,0.0000,43.3159,-2.2862,19.2302,0.9198,0.9553,0.7861,0.3080,bad
1775985744.166,0.0000,43.3159,0.0000,20.4747,2.3543,0.9553,0.7861,0.3080,bad
1775985744.322,112.2743,155.5902,112.2743,19.2956,1.3152,0.9851,0.1296,0.3820,bad
1775985744.374,0.0000,155.5902,-112.2743,19.9201,3.4077,0.9851,0.1296,0.3820,bad
1775985744.429,0.0000,155.5902,0.0000,19.1017,5.1945,0.9851,0.1296,0.3820,bad
1775985744.483,-15.4208,140.1695,-15.4208,21.3869,2.3609,0.9964,0.2198,0.2810,bad
1775985744.536,-96.7129,43.4566,-81.2921,20.7479,5.0984,0.9629,0.7853,0.2980,bad
1775985744.589,0.0000,43.4566,96.7129,20.3758,3.6872,0.9629,0.7853,0.2980,bad
1775985744.642,-27.2436,16.2129,-27.2436,18.0193,4.5272,0.9861,0.9446,0.3760,bad
1775985744.694,0.0000,16.2129,27.2436,20.7356,4.7126,0.9861,0.9446,0.3760,bad
1775985744.747,26.2717,42.4846,26.2717,16.7035,2.3200,0.9840,0.7910,0.3230,bad
1775985744.799,0.0000,42.4846,-26.2717,15.8943,4.8765,0.9840,0.7910,0.3230,bad
1775985744.851,-25.0434,17.4412,-25.0434,15.1800,3.7063,0.9717,0.9374,0.4470,bad
1775985744.904,0.0000,17.4412,25.0434,18.2977,2.1259,0.9717,0.9374,0.4470,bad
1775985744.957,162.5475,179.9887,162.5475,21.4736,3.7659,1.0000,0.0000,0.4660,bad
1775985745.012,0.0000,179.9887,-162.5475,18.6569,4.0158,1.0000,0.0000,0.4660,bad
1775985745.067,0.0000,179.9887,0.0000,22.3220,4.8762,1.0000,0.0000,0.4660,bad
1775985745.120,-103.0178,76.9709,-103.0178,24.0854,0.4034,0.9647,0.5946,0.2790,bad
1775985745.173,0.0000,76.9709,103.0178,24.7251,4.5680,0.9647,0.5946,0.2790,bad
1775985745.225,0.0000,76.9709,0.0000,23.6979,3.2180,0.9647,0.5946,0.2790,bad
1775985745.278,-12.3941,64.5768,-12.3941,28.1142,5.2006,0.9927,0.6662,0.2910,bad
1775985745.331,-29.1271,35.4498,-16.7329,28.6895,3.9830,0.9660,0.8343,0.3210,bad
1775985745.384,0.0000,35.4498,29.1271,24.0473,3.4857,0.9660,0.8343,0.3210,bad
1775985745.439,0.0000,35.4498,0.0000,29.5410,3.7195,0.9660,0.8343,0.3210,bad
1775985745.492,0.0000,35.4498,0.0000,29.3304,4.4859,0.9660,0.8343,0.3210,bad
1775985745.544,83.4316,118.8814,83.4316,22.2994,5.3477,0.9136,0.3527,0.6350,bad
1775985745.596,0.0000,118.8814,-83.4316,23.6442,2.6491,0.9136,0.3527,0.6350,bad
1775985745.648,0.0000,118.8814,0.0000,26.7047,3.4703,0.9136,0.3527,0.6350,bad
1775985745.702,0.0000,118.8814,0.0000,28.8782,6.1898,0.9136,0.3527,0.6350,bad
1775985745.805,-42.7277,76.1536,-42.7277,26.5727,4.2102,0.9943,0.5993,0.7200,bad
1775985745.858,0.0000,76.1536,42.7277,27.4813,4.7623,0.9943,0.5993,0.7200,bad
1775985745.909,0.0000,76.1536,0.0000,31.0875,2.1345,0.9943,0.5993,0.7200,bad
1775985746.014,-57.0627,19.0910,-57.0627,29.6778,1.4140,0.9401,0.9287,0.2820,bad
1775985746.066,119.0686,138.1596,176.1313,33.5908,3.2103,0.9205,0.2414,0.5450,bad
1775985746.118,0.0000,138.1596,-119.0686,30.9414,3.9474,0.9205,0.2414,0.5450,bad
1775985746.171,0.0000,138.1596,0.0000,27.6462,6.5421,0.9205,0.2414,0.5450,bad
1775985746.224,0.0000,138.1596,0.0000,28.7003,6.7065,0.9205,0.2414,0.5450,bad
1775985746.329,14.3736,152.5332,14.3736,29.6434,2.0943,0.9987,0.1585,0.2900,bad
1775985746.381,0.0000,152.5332,-14.3736,27.6542,4.1704,0.9987,0.1585,0.2900,bad
1775985746.434,0.0000,152.5332,0.0000,27.3107,5.2159,0.9987,0.1585,0.2900,bad
1775985746.487,0.0000,152.5332,0.0000,28.2050,3.8278,0.9987,0.1585,0.2900,bad
1775985746.591,-82.6689,69.8643,-82.6689,28.4385,6.2426,0.9534,0.6357,0.3080,bad
1775985746.643,0.0000,69.8643,82.6689,26.0550,4.9960,0.9534,0.6357,0.3080,bad
1775985746.696,0.0000,69.8643,0.0000,29.7358,3.5843,0.9534,0.6357,0.3080,bad
1775985746.749,0.0000,69.8643,0.0000,27.7039,3.7178,0.9534,0.6357,0.3080,bad
1775985746.801,-61.3210,8.5432,-61.3210,28.5301,3.9006,0.9798,0.9896,0.2890,bad
1775985746.853,169.1474,177.6906,230.4684,28.0467,2.7169,0.9293,0.0133,0.3780,bad
1775985746.906,0.0000,177.6906,-169.1474,27.2854,1.9925,0.9293,0.0133,0.3780,bad
1775985746.959,-0.4408,177.2498,-0.4408,29.2680,1.1136,0.9688,0.0158,0.4870,bad
1775985747.013,0.0000,177.2498,0.4408,28.0223,0.6814,0.9688,0.0158,0.4870,bad
1775985747.066,0.0000,177.2498,0.0000,24.5521,0.3639,0.9688,0.0158,0.4870,bad
1775985747.120,0.0000,177.2498,0.0000,20.1817,0.0000,0.9688,0.0158,0.4870,bad
1775985747.175,-21.5437,155.7061,-21.5437,23.3967,0.7563,0.9469,0.1402,0.5490,bad
1775985747.228,0.0000,155.7061,21.5437,21.6661,0.1937,0.9469,0.1402,0.5490,bad
1775985747.280,0.0000,155.7061,0.0000,23.0543,3.0034,0.9469,0.1402,0.5490,bad
1775985747.331,9.0165,164.7226,9.0165,24.3893,0.0000,0.9354,0.0881,0.7060,bad
1775985747.383,0.0000,164.7226,-9.0165,23.1569,0.0000,0.9354,0.0881,0.7060,bad
1775985747.435,-3.1247,161.5979,-3.1247,22.0031,0.0000,0.9470,0.1062,0.7130,bad
1775985747.486,-0.2944,161.3034,2.8303,19.6879,0.0000,0.9538,0.1079,0.7280,bad
1775985747.538,0.0000,161.3034,0.2944,22.8107,0.0000,0.9538,0.1079,0.7280,bad
1775985747.589,-3.8499,157.4535,-3.8499,19.6576,1.7783,0.9700,0.1301,0.7150,bad
1775985747.640,0.0000,157.4535,3.8499,19.2470,1.6384,0.9700,0.1301,0.7150,bad
1775985747.693,3.5044,160.9578,3.5044,18.6581,0.0000,0.9423,0.1098,0.6940,bad
1775985747.745,-0.3683,160.5896,-3.8726,17.5877,0.0000,0.9629,0.1120,0.7440,bad
1775985747.796,0.0000,160.5896,0.3683,16.0065,0.0000,0.9629,0.1120,0.7440,bad
1775985747.847,0.0000,160.5896,0.0000,21.2143,0.0000,0.9629,0.1120,0.7440,bad
1775985747.899,9.0448,169.6344,9.0448,18.7032,0.9381,0.9461,0.0598,0.7280,bad
1775985747.951,0.0000,169.6344,-9.0448,19.6435,0.0000,0.9461,0.0598,0.7280,bad
1775985748.003,2.0295,171.6639,2.0295,19.7699,2.8629,0.9513,0.0481,0.7120,bad
1775985748.057,-23.7598,147.9041,-25.7893,23.0324,2.2360,0.9568,0.1852,0.7180,bad
1775985748.111,0.0000,147.9041,23.7598,19.7760,0.0012,0.9568,0.1852,0.7180,bad
1775985748.166,0.0000,147.9041,0.0000,21.3115,0.0000,0.9568,0.1852,0.7180,bad
1775985748.219,31.7165,179.6205,31.7165,21.6937,0.0000,0.9781,0.0021,0.7010,bad
1775985748.272,0.0000,179.6205,-31.7165,18.8488,2.3976,0.9781,0.0021,0.7010,bad
1775985748.324,0.0000,179.6205,0.0000,30.4345,0.0000,0.9781,0.0021,0.7010,bad
1775985748.376,0.0000,179.6205,0.0000,49.4848,1.4016,0.9781,0.0021,0.7010,bad
1775985748.428,-34.3599,145.2607,-34.3599,51.1844,0.0327,0.9664,0.2005,0.7040,bad
1775985748.480,0.0000,145.2607,34.3599,53.9676,5.0356,0.9664,0.2005,0.7040,bad
1775985748.532,0.0000,145.2607,0.0000,54.6256,2.7552,0.9664,0.2005,0.7040,bad
1775985748.585,0.0000,145.2607,0.0000,55.7833,3.4864,0.9664,0.2005,0.7040,bad
1775985748.639,14.6664,159.9271,14.6664,53.5195,3.9495,0.9331,0.1158,0.3120,bad
1775985748.692,-3.9127,156.0144,-18.5791,54.5489,3.0387,0.9768,0.1384,0.6800,bad
1775985748.744,0.0000,156.0144,3.9127,54.6344,5.8596,0.9768,0.1384,0.6800,bad
1775985748.796,-7.4432,148.5712,-7.4432,53.5600,2.8393,0.9302,0.1813,0.5730,bad
1775985748.849,0.0000,148.5712,7.4432,58.2573,3.1202,0.9302,0.1813,0.5730,bad
1775985748.901,-31.2210,117.3502,-31.2210,51.5641,6.0238,0.9168,0.3616,0.6700,bad
1775985748.953,-16.4226,100.9276,14.7984,56.6657,5.7332,0.9295,0.4563,0.7450,bad
1775985749.005,0.0000,100.9276,16.4226,56.0048,6.3678,0.9295,0.4563,0.7450,bad
1775985749.057,0.0000,100.9276,0.0000,56.0171,1.1234,0.9295,0.4563,0.7450,bad
1775985749.110,-30.8423,70.0853,-30.8423,54.9485,4.3380,0.9555,0.6344,0.7500,bad
1775985749.162,-12.1978,57.8875,18.6445,56.8051,5.1177,0.9300,0.7048,0.6390,bad
1775985749.214,0.0000,57.8875,12.1978,54.1322,4.1396,0.9300,0.7048,0.6390,bad
1775985749.269,87.5544,145.4419,87.5544,55.3934,5.4689,0.9351,0.1994,0.5420,bad
1775985749.375,-32.8860,112.5559,-120.4403,54.9145,4.5001,0.9990,0.3892,0.3890,bad
1775985749.428,0.0000,112.5559,32.8860,52.7400,5.2252,0.9990,0.3892,0.3890,bad
1775985749.481,13.6607,126.2166,13.6607,32.0692,10.0851,0.9818,0.3104,0.7020,bad
1775985749.534,0.0000,126.2166,-13.6607,30.4632,5.4579,0.9818,0.3104,0.7020,bad
1775985749.586,-6.3161,119.9005,-6.3161,29.7373,5.5209,0.9234,0.3468,0.7410,bad
1775985749.639,37.6654,157.5659,43.9814,21.3030,6.2141,0.9190,0.1294,0.6630,bad
1775985749.690,0.0000,157.5659,-37.6654,23.2549,5.1551,0.9190,0.1294,0.6630,bad
1775985749.744,0.0000,157.5659,0.0000,19.7125,2.3387,0.9190,0.1294,0.6630,bad
1775985749.796,-142.0117,15.5542,-142.0117,20.1829,1.5157,0.8930,0.9491,0.4400,bad
1775985749.847,142.8554,158.4096,284.8671,19.3106,3.9419,0.9352,0.1246,0.3390,bad
1775985749.898,0.0000,158.4096,-142.8554,19.6151,3.5821,0.9352,0.1259,0.3390,bad
1775985749.949,-6.8958,151.5138,-6.8958,19.7482,1.0404,0.9131,0.1661,0.4560,bad
1775985750.002,0.0000,151.5138,6.8958,20.3594,6.4299,0.9131,0.1661,0.4560,bad
1775985750.054,-19.0288,132.4850,-19.0288,20.2415,4.1463,0.9694,0.2771,0.6090,bad
1775985750.105,46.9242,179.4092,65.9530,16.6095,6.1450,0.9986,0.0034,0.7530,bad
1775985750.157,0.0000,179.4092,-46.9242,22.1778,0.6380,0.9986,0.0034,0.7530,bad
1775985750.208,0.0000,179.4092,0.0000,18.1435,6.1735,0.9986,0.0034,0.7530,bad
1775985750.260,0.0000,179.4092,0.0000,17.9943,2.6592,0.9986,0.0034,0.7530,bad
1775985750.311,0.0000,179.4092,0.0000,16.1659,1.8887,0.9986,0.0034,0.7530,bad
1775985750.363,-1.5482,177.8610,-1.5482,15.3296,0.3223,0.9913,0.0124,0.7320,bad
1775985750.414,0.0000,177.8610,1.5482,17.1953,0.6799,0.9913,0.0124,0.7320,bad
1775985750.466,0.0000,177.8610,0.0000,18.8918,0.6818,0.9913,0.0124,0.7320,bad
1775985750.517,-5.3420,172.5190,-5.3420,18.9571,0.0000,0.9292,0.0436,0.5850,bad
1775985750.568,0.0000,172.5190,5.3420,18.4281,0.0000,0.9292,0.0436,0.5850,bad
1775985750.621,-10.2299,162.2890,-10.2299,15.8772,0.0000,0.9386,0.1032,0.6910,bad
1775985750.674,0.0000,162.2890,10.2299,17.2357,0.0000,0.9386,0.1032,0.6910,bad
1775985750.727,0.0000,162.2890,0.0000,19.9489,0.0000,0.9386,0.1032,0.6910,bad
1775985750.781,0.0000,162.2890,0.0000,20.4328,0.0000,0.9386,0.1032,0.6910,bad
1775985750.835,-6.9429,155.3461,-6.9429,19.2994,0.0000,0.9432,0.1437,0.6490,bad
1775985750.888,0.0000,155.3461,6.9429,18.8896,0.6880,0.9432,0.1437,0.6490,bad
1775985750.940,-0.5235,154.8226,-0.5235,20.1633,0.0116,0.9607,0.1468,0.7400,bad
1775985750.993,9.0895,163.9121,9.6130,18.7711,0.3691,0.9299,0.0938,0.6890,bad
1775985751.045,0.0000,163.9121,-9.0895,18.2178,1.0462,0.9299,0.0938,0.6890,bad
1775985751.096,-10.4558,153.4563,-10.4558,16.5093,0.0000,0.9372,0.1548,0.6390,bad
1775985751.149,0.0000,153.4563,10.4558,17.6666,0.0000,0.9372,0.1548,0.6390,bad
1775985751.253,-2.2065,151.2497,-2.2065,20.3314,0.4559,0.9653,0.1676,0.7240,bad
1775985751.306,0.0000,151.2497,2.2065,17.4886,0.0000,0.9653,0.1676,0.7240,bad
1775985751.357,0.0000,151.2497,0.0000,20.9022,0.0000,0.9653,0.1676,0.7240,bad
1775985751.409,-8.5289,142.7209,-8.5289,24.7497,1.1478,0.9780,0.2174,0.7830,bad
1775985751.460,0.0000,142.7209,8.5289,20.7353,1.5704,0.9780,0.2174,0.7830,bad
1775985751.512,29.8821,172.6030,29.8821,22.0277,0.0000,0.9851,0.0431,0.7870,bad
1775985751.565,-35.7394,136.8636,-65.6215,26.3923,0.0000,0.9819,0.2515,0.7480,bad
1775985751.618,0.0000,136.8636,35.7394,26.7605,0.0000,0.9819,0.2515,0.7480,bad
1775985751.670,0.0000,136.8636,0.0000,23.4007,0.9571,0.9819,0.2499,0.7480,bad
1775985751.722,6.6291,143.4927,6.6291,20.4863,0.0000,0.9616,0.2112,0.7200,bad
1775985751.774,0.0000,143.4927,-6.6291,24.8006,3.0259,0.9616,0.2112,0.7200,bad
1775985751.827,0.0000,143.4927,0.0000,24.0799,0.0000,0.9616,0.2112,0.7200,bad
1775985751.881,28.8749,172.3676,28.8749,24.5157,6.4922,0.9676,0.0424,0.7200,bad
1775985751.934,-6.4372,165.9304,-35.3121,25.2882,9.3577,0.9661,0.0800,0.3240,bad
1775985751.988,0.0000,165.9304,6.4372,22.1371,10.4771,0.9661,0.0800,0.3240,bad
1775985752.040,-11.4280,154.5024,-11.4280,24.5016,10.5659,0.9237,0.1468,0.6770,bad
1775985752.092,0.0000,154.5024,11.4280,23.4869,18.0404,0.9237,0.1468,0.6770,bad
1775985752.144,0.0000,154.5024,0.0000,24.8189,18.3141,0.9237,0.1468,0.6770,bad
1775985752.199,-39.9871,114.5153,-39.9871,25.4320,15.6023,0.9185,0.3806,0.7110,bad
1775985752.253,0.0000,114.5153,39.9871,26.3761,17.1716,0.9185,0.3806,0.7110,bad
1775985752.358,-61.3673,53.1479,-61.3673,26.1371,17.1877,0.9721,0.7393,0.7160,bad
1775985752.411,0.0000,53.1479,61.3673,26.2837,16.9058,0.9721,0.7393,0.7160,bad
1775985752.462,8.5138,61.6618,8.5138,25.6592,13.8706,0.9901,0.6895,0.6680,bad
1775985752.517,0.0000,61.6618,-8.5138,24.4649,16.4294,0.9901,0.6895,0.6680,bad
1775985752.622,16.3085,77.9703,16.3085,22.6316,18.1343,0.9441,0.5942,0.6780,bad
1775985752.674,0.0000,77.9703,-16.3085,22.3626,16.7000,0.9441,0.5942,0.6780,bad
1775985752.727,0.0000,77.9703,0.0000,23.5218,16.5389,0.9441,0.5942,0.6780,bad
1775985752.832,28.5481,106.5184,28.5481,23.8941,15.1380,0.9299,0.4273,0.6970,bad
1775985752.884,0.0000,106.5184,-28.5481,21.9418,14.5872,0.9299,0.4273,0.6970,bad
1775985752.936,0.0000,106.5184,0.0000,21.3034,13.5844,0.9299,0.4273,0.6970,bad
1775985752.989,0.0000,106.5184,0.0000,20.4054,17.0794,0.9299,0.4273,0.6970,bad
1775985753.098,-83.6918,22.8266,-83.6918,20.6467,13.3342,0.9092,0.9165,0.3950,bad
1775985753.150,147.1543,169.9808,230.8461,21.1125,7.9524,0.9169,0.0563,0.5790,bad
1775985753.203,0.0000,169.9808,-147.1543,21.2520,11.4291,0.9169,0.0563,0.5790,bad
1775985753.256,0.0000,169.9808,0.0000,21.1039,7.1157,0.9169,0.0563,0.5790,bad
1775985753.308,-23.8890,146.0918,-23.8890,19.1179,3.6954,0.9605,0.1960,0.6950,bad
1775985753.360,0.0000,146.0918,23.8890,18.2066,4.2379,0.9605,0.1960,0.6950,bad
1775985753.415,0.0000,146.0918,0.0000,20.7075,4.6926,0.9605,0.2044,0.6950,bad
1775985753.468,0.0000,146.0918,0.0000,19.7070,5.2568,0.9605,0.2044,0.6950,bad
1775985753.573,33.6234,179.7152,33.6234,20.2817,2.6728,0.9751,0.0000,0.7180,bad
1775985753.625,0.0000,179.7152,-33.6234,21.1515,5.5014,0.9751,0.0000,0.7180,bad
1775985753.678,0.0000,179.7152,0.0000,20.5175,4.7121,0.9751,0.0000,0.7180,bad
1775985753.782,-9.0735,170.6418,-9.0735,18.8073,1.4889,0.9497,0.0553,0.6110,bad
1775985753.834,0.0000,170.6418,9.0735,18.2536,0.0000,0.9497,0.0553,0.6110,bad
1775985753.886,-5.5141,165.1277,-5.5141,18.1945,0.0000,0.9361,0.0889,0.6640,bad
1775985753.939,0.0000,165.1277,5.5141,13.9317,0.0988,0.9361,0.0889,0.6640,bad
1775985754.043,-8.9499,156.1778,-8.9499,16.1021,2.2798,0.9596,0.1434,0.7450,bad
1775985754.096,0.0000,156.1778,8.9499,14.0105,0.0000,0.9596,0.1434,0.7450,bad
1775985754.148,0.0000,156.1778,0.0000,15.2753,0.2842,0.9596,0.1434,0.7450,bad
1775985754.253,1.9542,158.1320,1.9542,16.5510,0.0000,0.9493,0.1315,0.7300,bad
1775985754.305,0.0000,158.1320,-1.9542,14.5362,0.7979,0.9493,0.1315,0.7300,bad
1775985754.357,0.0000,158.1320,0.0000,13.9921,0.4146,0.9493,0.1315,0.7300,bad
1775985754.410,3.1075,161.2395,3.1075,15.2544,1.9944,0.9573,0.1125,0.6590,bad
1775985754.463,0.0000,161.2395,-3.1075,14.9965,0.0000,0.9573,0.1125,0.6590,bad
1775985754.533,5.9823,167.2219,5.9823,15.3283,1.0359,0.9480,0.0761,0.6600,bad
1775985754.586,-10.7455,156.4763,-16.7279,18.7495,1.8961,0.9508,0.1416,0.7490,bad
1775985754.639,0.0000,156.4763,10.7455,17.2413,0.0000,0.9508,0.1416,0.7490,bad
1775985754.692,0.0000,156.4763,0.0000,14.8639,0.0000,0.9508,0.1416,0.7490,bad
1775985754.745,23.3225,179.7988,23.3225,14.4666,0.2861,0.9795,0.0000,0.7080,bad
1775985754.797,0.0000,179.7988,-23.3225,17.6360,0.0000,0.9795,0.0000,0.7080,bad
1775985754.850,0.0000,179.7988,0.0000,25.4834,2.3287,0.9795,0.0000,0.7080,bad
1775985754.902,-46.2495,133.5494,-46.2495,32.6189,4.9960,0.9792,0.2816,0.6860,bad
1775985754.954,0.0000,133.5494,46.2495,31.7749,3.8148,0.9792,0.2816,0.6860,bad
1775985755.058,-30.7199,102.8295,-30.7199,39.7885,3.8031,0.9278,0.4686,0.5050,bad
1775985755.110,0.0000,102.8295,30.7199,39.7984,4.3858,0.9278,0.4686,0.5050,bad
1775985755.162,0.0000,102.8295,0.0000,38.9945,3.3870,0.9278,0.4686,0.5050,bad
1775985755.215,58.8095,161.6389,58.8095,42.3373,6.7242,0.9564,0.1106,0.7630,bad
1775985755.268,0.0000,161.6389,-58.8095,39.3457,8.6162,0.9564,0.1106,0.7630,bad
1775985755.322,18.2618,179.9007,18.2618,42.1335,17.0931,0.9520,0.0000,0.7170,bad
1775985755.375,-19.4710,160.4298,-37.7328,40.0326,23.5900,0.9027,0.1185,0.4090,bad
1775985755.428,0.0000,160.4298,19.4710,38.5777,25.3276,0.9027,0.1185,0.4090,bad
1775985755.480,-47.3660,113.0638,-47.3660,41.6744,26.7403,0.9125,0.4067,0.6610,bad
1775985755.533,0.0000,113.0638,47.3660,43.1030,27.7563,0.9125,0.4067,0.6610,bad
1775985755.637,-10.7092,102.3546,-10.7092,42.1718,28.4962,0.9248,0.4718,0.7140,bad
1775985755.689,37.1859,139.5405,47.8951,41.9915,28.0925,0.9250,0.2456,0.6040,bad
1775985755.742,0.0000,139.5405,-37.1859,38.5388,31.2449,0.9250,0.2456,0.6040,bad
1775985755.796,0.0000,139.5405,0.0000,42.0241,26.9160,0.9250,0.2456,0.6040,bad
1775985755.900,-31.6387,107.9019,-31.6387,41.6331,27.6751,0.9144,0.4381,0.4390,bad
1775985755.953,-32.2153,75.6866,-0.5766,40.9823,29.0695,0.9216,0.6341,0.5680,bad
1775985756.007,0.0000,75.6866,32.2153,37.2743,26.8586,0.9216,0.6341,0.5680,bad
1775985756.111,19.3502,95.0368,19.3502,40.1060,30.7929,0.9894,0.5164,0.7200,bad
1775985756.163,0.0000,95.0368,-19.3502,32.5695,27.9075,0.9894,0.5164,0.7200,bad
1775985756.215,0.0000,95.0368,0.0000,29.4445,28.7423,0.9894,0.5164,0.7200,bad
1775985756.268,0.0000,95.0368,0.0000,30.6854,27.9291,0.9894,0.5164,0.7200,bad
1775985756.320,56.9528,151.9896,56.9528,24.9679,28.8002,0.9322,0.1698,0.6680,bad
1775985756.373,0.0000,151.9896,-56.9528,26.1475,25.3099,0.9322,0.1698,0.6680,bad
1775985756.425,-30.9429,121.0467,-30.9429,22.8793,26.0735,0.9137,0.3581,0.5260,bad
1775985756.482,0.0000,121.0467,30.9429,25.8940,22.2695,0.9137,0.3581,0.5260,bad
1775985756.588,36.7489,157.7956,36.7489,25.8521,13.2037,0.9244,0.1345,0.4590,bad
1775985756.641,0.0000,157.7956,-36.7489,27.3252,5.2158,0.9244,0.1345,0.4590,bad
1775985756.693,0.0000,157.7956,0.0000,23.3029,5.8281,0.9244,0.1345,0.4590,bad
1775985756.747,-47.4343,110.3613,-47.4343,27.0144,3.5303,0.9683,0.4231,0.6730,bad
1775985756.804,0.0000,110.3613,47.4343,27.5852,6.7457,0.9683,0.4231,0.6730,bad
1775985756.909,68.3308,178.6921,68.3308,29.5530,2.3770,0.9849,0.0077,0.7480,bad
1775985756.961,0.0000,178.6921,-68.3308,26.8503,4.2171,0.9849,0.0077,0.7480,bad
1775985757.014,0.0000,178.6921,0.0000,23.8850,0.6835,0.9849,0.0077,0.7480,bad
1775985757.070,0.0000,178.6921,0.0000,25.1653,0.0000,0.9849,0.0077,0.7480,bad
1775985757.124,-26.0578,152.6344,-26.0578,23.1570,0.0000,0.9529,0.1736,0.7070,bad
1775985757.176,0.0000,152.6344,26.0578,25.4631,0.6744,0.9529,0.1736,0.7070,bad
1775985757.229,0.0000,152.6344,0.0000,24.3068,0.0000,0.9529,0.1736,0.7070,bad
1775985757.283,-3.9842,148.6501,-3.9842,23.2688,0.0000,0.9495,0.1990,0.6680,bad
1775985757.336,9.7588,158.4089,13.7430,26.3180,0.5600,0.9280,0.1368,0.6710,bad
1775985757.389,0.0000,158.4089,-9.7588,25.8128,1.3723,0.9280,0.1368,0.6710,bad
1775985757.442,-2.3820,156.0269,-2.3820,26.2548,0.9912,0.9507,0.1520,0.7360,bad
1775985757.494,-2.2080,153.8189,0.1740,24.6381,0.0000,0.9780,0.1660,0.7570,bad
1775985757.549,0.0000,153.8189,2.2080,25.8129,0.3265,0.9780,0.1660,0.7570,bad
1775985757.602,0.8158,154.6348,0.8158,27.7920,0.1781,0.9815,0.1609,0.7400,bad
1775985757.654,0.0000,154.6348,-0.8158,25.1683,0.0000,0.9815,0.1609,0.7400,bad
1775985757.706,0.0000,154.6348,0.0000,23.5724,0.4192,0.9815,0.1609,0.7400,bad
1775985757.760,4.3322,158.9670,4.3322,26.2307,0.0000,0.9450,0.1333,0.7090,bad
1775985757.814,12.7219,171.6888,8.3897,24.9154,0.9214,0.9541,0.0523,0.6840,bad
1775985757.867,0.0000,171.6888,-12.7219,21.7291,0.2027,0.9541,0.0523,0.6840,bad
1775985757.919,0.0000,171.6888,0.0000,24.5246,0.0000,0.9541,0.0523,0.6840,bad
1775985757.970,-17.5377,154.1511,-17.5377,20.1168,1.4687,0.9623,0.1639,0.7250,bad
1775985758.022,0.0000,154.1511,17.5377,22.7156,0.0000,0.9623,0.1639,0.7250,bad
1775985758.075,-9.9082,144.2429,-9.9082,23.6416,0.0000,0.9521,0.2270,0.7000,bad
1775985758.128,0.0000,144.2429,9.9082,23.5295,1.4339,0.9521,0.2270,0.7000,bad
1775985758.179,31.9117,176.1546,31.9117,20.5719,0.0000,0.9716,0.0238,0.6890,bad
1775985758.231,0.0000,176.1546,-31.9117,20.0610,0.8961,0.9716,0.0238,0.6890,bad
1775985758.333,-29.9288,146.2258,-29.9288,21.4736,0.0000,0.9515,0.2144,0.6930,bad
1775985758.384,0.0000,146.2258,29.9288,20.3881,1.2055,0.9515,0.2144,0.6930,bad
1775985758.436,0.0000,146.2258,0.0000,17.3156,0.2958,0.9515,0.2144,0.6930,bad
1775985758.488,-133.2364,12.9893,-133.2364,19.3852,0.6074,0.9723,1.0000,0.1630,bad
1775985758.540,0.0000,12.9893,133.2364,16.7463,0.0000,0.9723,1.0000,0.1630,bad
1775985758.592,140.5357,153.5251,140.5357,20.5238,8.1565,0.9663,0.1580,0.6670,bad
1775985758.645,0.0000,153.5251,-140.5357,18.0756,9.7808,0.9663,0.1580,0.6670,bad
1775985758.697,17.5342,171.0593,17.5342,21.9879,6.1457,0.9540,0.0530,0.6750,bad
1775985758.750,0.0000,171.0593,-17.5342,24.2148,11.3540,0.9540,0.0530,0.6750,bad
1775985758.801,0.0000,171.0593,0.0000,24.0751,8.3449,0.9540,0.0530,0.6750,bad
1775985758.853,-65.0270,106.0323,-65.0270,23.6293,14.9262,0.9625,0.4426,0.7160,bad
1775985758.905,0.0000,106.0323,65.0270,24.4626,12.2802,0.9625,0.4426,0.7160,bad
1775985758.957,-26.9714,79.0608,-26.9714,22.6831,16.4004,0.9851,0.6042,0.7710,bad
1775985759.008,0.0000,79.0608,26.9714,24.0932,14.6888,0.9851,0.6042,0.7710,bad
1775985759.060,-24.7964,54.2644,-24.7964,19.3557,15.2550,0.9472,0.7527,0.5800,bad
1775985759.112,0.0000,54.2644,24.7964,20.9696,15.2950,0.9472,0.7527,0.5800,bad
1775985759.216,-8.1403,46.1241,-8.1403,20.7723,14.8414,0.8934,0.8015,0.4280,bad
1775985759.268,98.8299,144.9541,106.9702,21.4693,15.7544,0.9448,0.2094,0.4310,bad
1775985759.323,-88.0264,56.9276,-186.8564,22.6680,16.3426,0.8792,0.7368,0.4490,bad
1775985759.377,0.0000,56.9276,88.0264,23.1245,16.7087,0.8792,0.7368,0.4490,bad
1775985759.430,5.5920,62.5196,5.5920,24.1556,17.4243,0.9756,0.7033,0.4660,bad
1775985759.482,2.8284,65.3480,-2.7636,21.1425,19.7307,0.9815,0.6863,0.5160,bad
1775985759.534,0.0000,65.3480,-2.8284,26.3567,15.5193,0.9815,0.6863,0.5160,bad
1775985759.689,22.0767,87.4248,22.0767,22.3319,17.1297,0.9935,0.5540,0.7040,bad
1775985759.743,0.0000,87.4248,-22.0767,23.3485,18.0986,0.9935,0.5540,0.7040,bad
1775985759.797,0.0000,87.4248,0.0000,20.7893,14.0567,0.9935,0.5540,0.7040,bad
1775985759.849,0.0000,87.4248,0.0000,21.0470,11.5608,0.9935,0.5540,0.7040,bad
1775985759.901,83.1331,170.5579,83.1331,20.1231,12.0828,0.9849,0.0560,0.2050,bad
1775985759.953,0.0000,170.5579,-83.1331,18.4624,6.0726,0.9849,0.0560,0.2050,bad
1775985760.004,0.0000,170.5579,0.0000,18.8062,11.2782,0.9849,0.0560,0.2050,bad
1775985760.057,6.0183,176.5761,6.0183,14.3335,9.8893,0.9365,0.0199,0.3880,bad
1775985760.109,-155.0930,21.4831,-161.1113,18.3812,9.1640,0.9003,0.9491,0.2150,bad
1775985760.163,0.0000,21.4831,155.0930,18.3827,9.4437,0.9003,0.9491,0.2150,bad
1775985760.215,120.6242,142.1073,120.6242,22.4141,6.1610,0.9396,0.2264,0.6370,bad
1775985760.268,0.0000,142.1073,-120.6242,20.2226,10.4297,0.9396,0.2264,0.6370,bad
1775985760.319,29.7988,171.9061,29.7988,22.1394,6.5216,0.9815,0.0479,0.6510,bad
1775985760.373,0.0000,171.9061,-29.7988,20.7662,3.9467,0.9815,0.0479,0.6510,bad
1775985760.476,-27.5960,144.3101,-27.5960,20.0525,5.6508,0.9708,0.2132,0.6720,bad
1775985760.528,0.0000,144.3101,27.5960,18.5336,1.1035,0.9708,0.2132,0.6720,bad
1775985760.582,31.6645,175.9746,31.6645,19.6205,2.0026,0.9286,0.0235,0.6370,bad
1775985760.637,0.0000,175.9746,-31.6645,20.5613,2.0907,0.9286,0.0235,0.6370,bad
1775985760.691,0.0000,175.9746,0.0000,18.3892,0.0000,0.9286,0.0235,0.6370,bad
1775985760.744,-18.2932,157.6814,-18.2932,17.0017,0.2805,0.9495,0.1331,0.6520,bad
1775985760.798,0.0000,157.6814,18.2932,18.3287,0.0000,0.9495,0.1331,0.6520,bad
1775985760.852,0.0000,157.6814,0.0000,15.6599,0.0000,0.9495,0.1331,0.6520,bad
1775985760.905,0.0000,157.6814,0.0000,17.5180,1.2552,0.9495,0.1331,0.6520,bad
1775985760.959,0.0000,157.6814,0.0000,16.9652,1.4356,0.9495,0.1331,0.6520,bad
1775985761.012,0.0000,157.6814,0.0000,15.7811,0.0000,0.9495,0.1331,0.6520,bad
1775985761.064,0.0000,157.6814,0.0000,14.5860,0.0000,0.9495,0.1331,0.6520,bad
1775985761.118,3.8184,161.4998,3.8184,15.2614,0.0841,0.9626,0.1102,0.6920,bad
1775985761.172,0.0000,161.4998,-3.8184,15.4686,0.2271,0.9626,0.1102,0.6920,bad
1775985761.276,4.0018,165.5016,4.0018,14.3628,3.0675,0.9553,0.0863,0.5520,bad
1775985761.328,0.0000,165.5016,-4.0018,15.4041,0.0000,0.9553,0.0863,0.5520,bad
1775985761.382,0.0000,165.5016,0.0000,14.7617,0.0000,0.9553,0.0863,0.5520,bad
1775985761.436,0.0000,165.5016,0.0000,17.9252,0.9748,0.9553,0.0863,0.5520,bad
1775985761.491,-5.8581,159.6435,-5.8581,19.4325,0.0000,0.9646,0.1214,0.6550,bad
1775985761.544,0.0000,159.6435,5.8581,19.3311,0.0000,0.9646,0.1214,0.6550,bad
1775985761.597,0.0000,159.6435,0.0000,18.4172,0.0000,0.9646,0.1214,0.6550,bad
1775985761.650,-14.2387,145.4049,-14.2387,19.6191,0.3495,0.9733,0.2067,0.7080,bad
1775985761.702,0.0000,145.4049,14.2387,19.6820,0.0000,0.9733,0.2067,0.7080,bad
1775985761.754,0.0000,145.4049,0.0000,22.2264,1.0237,0.9733,0.2067,0.7080,bad
1775985761.806,30.9928,176.3977,30.9928,25.8638,0.5362,0.9844,0.0210,0.7310,bad
1775985761.859,0.0000,176.3977,-30.9928,28.0262,0.0000,0.9844,0.0210,0.7310,bad
1775985761.910,-41.8155,134.5821,-41.8155,26.9500,0.0000,0.9469,0.2715,0.6850,bad
1775985761.962,35.3813,169.9634,77.1969,30.5365,0.0000,0.9297,0.0595,0.6260,bad
1775985762.014,0.0000,169.9634,-35.3813,28.7918,1.8742,0.9297,0.0595,0.6260,bad
1775985762.066,-7.8179,162.1456,-7.8179,28.8964,3.0083,0.9376,0.1064,0.6670,bad
1775985762.120,0.0000,162.1456,7.8179,27.2380,4.5477,0.9376,0.1064,0.6670,bad
1775985762.173,0.0000,162.1456,0.0000,26.8517,4.9987,0.9376,0.1064,0.6670,bad
1775985762.225,16.4587,178.6042,16.4587,29.6407,5.9125,0.9478,0.0005,0.5250,bad
1775985762.277,-80.9098,97.6944,-97.3685,31.5952,5.1576,0.9504,0.4888,0.7010,bad
1775985762.329,0.0000,97.6944,80.9098,29.5105,4.3858,0.9504,0.4888,0.7010,bad
1775985762.381,1.9134,99.6079,1.9134,29.1600,5.0068,0.9336,0.4773,0.6410,bad
1775985762.434,-44.8183,54.7896,-46.7317,29.4588,11.4315,0.9919,0.7477,0.5880,bad
1775985762.488,0.0000,54.7896,44.8183,30.9012,7.6583,0.9919,0.7477,0.5880,bad
1775985762.542,0.0000,54.7896,0.0000,30.1985,9.7360,0.9919,0.7477,0.5880,bad
1775985762.595,-3.0130,51.7766,-3.0130,28.8657,5.7255,0.9053,0.7659,0.4720,bad
1775985762.648,7.5109,59.2875,10.5239,28.4331,8.8476,0.9322,0.7206,0.5670,bad
1775985762.701,0.0000,59.2875,-7.5109,30.0573,6.2599,0.9322,0.7206,0.5670,bad
1775985762.753,40.3383,99.6258,40.3383,30.6329,6.9317,0.9242,0.4772,0.5260,bad
1775985762.805,0.0000,99.6258,-40.3383,22.0910,6.5456,0.9242,0.4772,0.5260,bad
1775985762.858,-8.0082,91.6176,-8.0082,19.0753,5.6560,0.9407,0.5255,0.7260,bad
1775985762.910,0.0000,91.6176,8.0082,20.5427,5.6788,0.9407,0.5255,0.7260,bad
1775985762.964,0.0000,91.6176,0.0000,22.0189,6.9165,0.9407,0.5255,0.7260,bad
1775985763.121,61.2468,152.8644,61.2468,22.8203,5.9043,0.9438,0.1559,0.6140,bad
1775985763.173,0.0000,152.8644,-61.2468,21.6195,6.1688,0.9438,0.1559,0.6140,bad
1775985763.225,0.0000,152.8644,0.0000,18.6165,4.7220,0.9438,0.1559,0.6140,bad
1775985763.328,-11.8326,141.0318,-11.8326,20.1689,6.8356,0.9244,0.2273,0.6000,bad
1775985763.380,0.0000,141.0318,11.8326,19.3064,4.2923,0.9244,0.2273,0.6000,bad
1775985763.433,0.0000,141.0318,0.0000,18.9666,6.3693,0.9244,0.2273,0.6000,bad
1775985763.485,0.0000,141.0318,0.0000,20.0225,0.0000,0.9244,0.2273,0.6000,bad
1775985763.537,-139.7592,1.2726,-139.7592,20.0409,0.0000,0.9272,1.0000,0.2280,bad
1775985763.589,0.0000,1.2726,139.7592,21.4640,2.4053,0.9272,1.0000,0.2280,bad
1775985763.642,146.7039,147.9765,146.7039,16.3610,0.0000,0.9471,0.1731,0.6090,bad
1775985763.694,30.3781,178.3546,-116.3257,17.6419,0.0000,0.9757,0.0019,0.7390,bad
1775985763.747,0.0000,178.3546,-30.3781,18.7651,0.0000,0.9757,0.0019,0.7390,bad
1775985763.801,-27.9514,150.4032,-27.9514,17.0944,0.3067,0.9547,0.1594,0.7070,bad
1775985763.854,0.0000,150.4032,27.9514,16.0514,0.0000,0.9547,0.1590,0.7070,bad
1775985763.907,0.0000,150.4032,0.0000,15.0635,1.1650,0.9547,0.1590,0.7070,bad
1775985763.959,6.7462,157.1494,6.7462,18.1048,0.0000,0.9487,0.1210,0.6660,bad
1775985764.010,0.1074,157.2567,-6.6388,18.9270,1.2583,0.9706,0.1204,0.6420,bad
1775985764.062,0.0000,157.2567,-0.1074,16.1669,1.0893,0.9706,0.1204,0.6420,bad
1775985764.117,6.2931,163.5498,6.2931,17.4761,0.0000,0.9657,0.0849,0.6510,bad
1775985764.170,0.0000,163.5498,-6.2931,16.6317,0.0000,0.9657,0.0849,0.6510,bad
1775985764.223,-3.1333,160.4166,-3.1333,16.3027,0.0000,0.9630,0.1026,0.6990,bad
1775985764.275,0.0000,160.4166,3.1333,17.4633,0.0133,0.9630,0.1026,0.6990,bad
1775985764.327,-1.1893,159.2272,-1.1893,18.1289,0.5010,0.9456,0.1093,0.6880,bad
1775985764.434,7.1645,166.3917,8.3539,16.5587,0.6677,0.9571,0.0689,0.7080,bad
1775985764.487,1.6973,168.0891,-5.4672,16.3129,0.0000,0.9402,0.0593,0.6830,bad
1775985764.539,0.0000,168.0891,-1.6973,16.6017,0.0000,0.9402,0.0593,0.6830,bad
1775985764.592,-10.6524,157.4367,-10.6524,18.4279,0.0000,0.9427,0.1194,0.6610,bad
1775985764.644,0.0000,157.4367,10.6524,15.7374,0.7775,0.9427,0.1194,0.6610,bad
1775985764.698,-4.3651,153.0715,-4.3651,14.6106,0.0000,0.9419,0.1440,0.7090,bad
1775985764.751,0.0000,153.0715,4.3651,19.9948,0.8404,0.9419,0.1440,0.7090,bad
1775985764.805,-7.1465,145.9250,-7.1465,16.4163,0.8894,0.9698,0.1843,0.7110,bad
1775985764.858,29.7856,175.7106,36.9322,19.3234,2.3009,0.9803,0.0163,0.7290,bad
1775985764.911,0.0000,175.7106,-29.7856,24.3018,0.0000,0.9803,0.0163,0.7290,bad
1775985764.964,-31.8740,143.8366,-31.8740,20.7609,0.0000,0.9573,0.1961,0.6980,bad
1775985765.016,0.0000,143.8366,31.8740,20.7592,0.0000,0.9573,0.1961,0.6980,bad
1775985765.068,-3.5678,140.2688,-3.5678,21.9695,0.0000,0.9714,0.2162,0.7170,bad
1775985765.120,1.1467,141.4155,4.7145,25.7968,0.0000,0.9932,0.2097,0.4030,bad
1775985765.173,0.0000,141.4155,-1.1467,34.1480,0.7585,0.9932,0.2097,0.4030,bad
1775985765.227,5.5377,146.9533,5.5377,50.5061,4.5536,0.9397,0.1785,0.4930,bad
1775985765.280,0.0000,146.9533,-5.5377,56.3545,5.8534,0.9397,0.1785,0.4930,bad
1775985765.332,24.0470,171.0003,24.0470,57.2629,7.2242,0.9588,0.0429,0.6120,bad
1775985765.384,-14.3195,156.6808,-38.3665,57.9489,5.9081,0.9473,0.1236,0.6580,bad
1775985765.436,0.0000,156.6808,14.3195,60.2772,5.1782,0.9473,0.1236,0.6580,bad
1775985765.542,-51.1905,105.4903,-51.1905,55.5790,6.6121,0.9143,0.4123,0.6760,bad
1775985765.594,0.0000,105.4903,51.1905,58.0901,6.0395,0.9143,0.4123,0.6760,bad
1775985765.647,0.0000,105.4903,0.0000,57.7014,5.6835,0.9143,0.4123,0.6760,bad
1775985765.699,0.0000,105.4903,0.0000,57.1981,7.3025,0.9143,0.4123,0.6760,bad
1775985765.802,-61.5188,43.9715,-61.5188,53.8934,5.6070,0.9772,0.7592,0.5840,bad
1775985765.854,0.0000,43.9715,61.5188,57.2272,9.2113,0.9772,0.7592,0.5840,bad
1775985765.906,0.0000,43.9715,0.0000,56.8665,7.3724,0.9772,0.7592,0.5840,bad
1775985766.010,39.9297,83.9012,39.9297,57.3358,7.9037,0.9841,0.5340,0.7400,bad
1775985766.062,0.0000,83.9012,-39.9297,56.5014,8.1213,0.9841,0.5340,0.7400,bad
1775985766.166,35.4497,119.3509,35.4497,55.9528,7.2715,0.9321,0.3341,0.6410,bad
1775985766.218,0.0000,119.3509,-35.4497,59.8426,9.8699,0.9321,0.3341,0.6410,bad
1775985766.270,0.0000,119.3509,0.0000,52.5497,5.1193,0.9321,0.3341,0.6410,bad
1775985766.322,47.6509,167.0018,47.6509,39.8131,8.9001,0.9453,0.0654,0.6220,bad
1775985766.376,0.0000,167.0018,-47.6509,42.4257,6.4546,0.9453,0.0654,0.6220,bad
1775985766.431,0.0000,167.0018,0.0000,34.6405,8.3563,0.9453,0.0654,0.6220,bad
1775985766.485,-67.3585,99.6433,-67.3585,24.9147,5.8900,0.9280,0.4453,0.6670,bad
1775985766.537,0.0000,99.6433,67.3585,22.2884,5.2615,0.9280,0.4453,0.6670,bad
1775985766.589,0.0000,99.6433,0.0000,22.5953,3.8082,0.9280,0.4453,0.6670,bad
1775985766.640,42.1888,141.8322,42.1888,23.0605,4.3435,0.9237,0.2074,0.6580,bad
1775985766.693,0.0000,141.8322,-42.1888,23.9111,5.6327,0.9237,0.2074,0.6580,bad
1775985766.796,29.3216,171.1537,29.3216,19.6434,2.1863,0.9941,0.0420,0.6970,bad
1775985766.849,0.0000,171.1537,-29.3216,17.9024,1.9951,0.9941,0.0420,0.6970,bad
1775985766.961,-25.1946,145.9592,-25.1946,20.8265,0.5283,0.9704,0.1841,0.6950,bad
1775985767.014,0.0000,145.9592,25.1946,15.4545,0.0000,0.9704,0.1841,0.6950,bad
1775985767.067,0.0000,145.9592,0.0000,20.6282,0.0000,0.9704,0.1841,0.6950,bad
1775985767.119,11.8900,157.8492,11.8900,16.1315,1.3322,0.9473,0.1170,0.6930,bad
1775985767.173,0.0000,157.8492,-11.8900,16.6622,0.0000,0.9473,0.1170,0.6930,bad
1775985767.227,0.0000,157.8492,0.0000,16.4552,1.1893,0.9473,0.1170,0.6930,bad
1775985767.279,-25.9229,131.9263,-25.9229,11.7488,0.0000,0.9410,0.2632,0.5870,bad
1775985767.331,0.0000,131.9263,25.9229,19.2433,0.0000,0.9410,0.2632,0.5870,bad
1775985767.385,0.0000,131.9263,0.0000,14.3542,0.3109,0.9410,0.2632,0.5870,bad
1775985767.437,19.5784,151.5047,19.5784,13.6890,0.0000,0.9520,0.1528,0.7400,bad
1775985767.491,0.0000,151.5047,-19.5784,13.1972,0.0000,0.9520,0.1528,0.7400,bad
1775985767.544,0.0000,151.5047,0.0000,15.4894,0.0000,0.9520,0.1528,0.7400,bad
1775985767.597,-2.9494,148.5553,-2.9494,15.3830,0.1723,0.9385,0.1695,0.7250,bad
1775985767.650,0.0000,148.5553,2.9494,13.2478,0.0000,0.9385,0.1695,0.7250,bad
1775985767.703,0.0000,148.5553,0.0000,12.8888,0.5864,0.9385,0.1695,0.7250,bad
1775985767.756,24.4026,172.9579,24.4026,15.9640,1.5186,0.9225,0.0318,0.6010,bad
1775985767.810,0.0000,172.9579,-24.4026,12.9667,0.8125,0.9225,0.0318,0.6010,bad
1775985767.865,0.0000,172.9579,0.0000,11.3688,2.7080,0.9225,0.0318,0.6010,bad
1775985767.969,-20.5014,152.4566,-20.5014,13.7284,3.0770,0.9456,0.1475,0.6530,bad
1775985768.022,0.0000,152.4566,20.5014,13.3477,0.0000,0.9456,0.1475,0.6530,bad
1775985768.074,0.3422,152.7988,0.3422,16.8753,0.0000,0.9585,0.1455,0.6800,bad
1775985768.126,0.0000,152.7988,-0.3422,16.7294,0.0000,0.9585,0.1455,0.6800,bad
1775985768.178,0.0000,152.7988,0.0000,19.4666,0.1775,0.9585,0.1455,0.6800,bad
1775985768.229,0.0000,152.7988,0.0000,24.4800,3.3387,0.9585,0.1455,0.6800,bad
1775985768.282,0.0000,152.7988,0.0000,26.0478,0.0000,0.9585,0.1455,0.6800,bad
1775985768.334,22.3518,175.1506,22.3518,27.5656,0.4169,0.9796,0.0195,0.7120,bad
1775985768.386,-20.4599,154.6907,-42.8117,25.9960,1.4470,0.9239,0.1349,0.4320,bad
1775985768.438,0.0000,154.6907,20.4599,27.5416,3.4658,0.9239,0.1349,0.4320,bad
1775985768.490,-9.3718,145.3190,-9.3718,29.7640,4.0439,0.8641,0.1877,0.2580,bad
1775985768.542,0.0000,145.3190,9.3718,31.5999,4.7810,0.8641,0.1877,0.2580,bad
1775985768.595,34.0808,179.3998,34.0808,29.0142,9.0165,0.8912,0.0000,0.3200,bad
1775985768.648,0.0000,179.3998,-34.0808,29.6369,10.4964,0.8912,0.0000,0.3200,bad
1775985768.701,-18.9748,160.4250,-18.9748,33.2018,9.4101,0.9460,0.1065,0.7260,bad
1775985768.753,0.0000,160.4250,18.9748,30.0622,11.5596,0.9460,0.1065,0.7260,bad
1775985768.805,18.7873,179.2124,18.7873,30.8048,8.6589,0.9388,0.0011,0.6520,bad
1775985768.857,-77.3970,101.8154,-96.1843,33.4591,10.7009,0.8911,0.4356,0.6890,bad
1775985768.912,0.0000,101.8154,77.3970,30.9911,11.2223,0.8911,0.4356,0.6890,bad
1775985768.965,-19.4764,82.3390,-19.4764,31.8559,12.8600,0.9716,0.5449,0.7410,bad
1775985769.017,0.0000,82.3390,19.4764,32.6231,11.2573,0.9716,0.5449,0.7410,bad
1775985769.069,0.0000,82.3390,0.0000,31.7721,12.4563,0.9716,0.5449,0.7410,bad
1775985769.122,-3.6971,78.6419,-3.6971,33.5590,11.2525,0.9559,0.5657,0.6170,bad
1775985769.176,-42.6586,35.9833,-38.9615,31.4968,12.3533,0.9726,0.8051,0.5340,bad
1775985769.229,0.0000,35.9833,42.6586,31.9738,13.8539,0.9726,0.8051,0.5340,bad
1775985769.282,93.0884,129.0718,93.0884,29.9163,9.5326,0.9556,0.2825,0.4030,bad
1775985769.334,0.0000,129.0718,-93.0884,29.5450,13.6615,0.9556,0.2825,0.4030,bad
1775985769.386,-57.6650,71.4068,-57.6650,28.6662,11.6424,0.9455,0.6063,0.4700,bad
1775985769.439,0.0000,71.4068,57.6650,22.7376,9.8485,0.9455,0.6063,0.4700,bad
1775985769.491,2.2497,73.6564,2.2497,24.2321,10.8410,0.9986,0.5936,0.7790,bad
1775985769.543,0.0000,73.6564,-2.2497,24.8719,12.8961,0.9986,0.5936,0.7790,bad
1775985769.597,0.0000,73.6564,0.0000,22.9904,10.2374,0.9986,0.5936,0.7790,bad
1775985769.653,37.2778,110.9343,37.2778,23.8818,10.6801,0.9154,0.3844,0.6520,bad
1775985769.707,0.0000,110.9343,-37.2778,21.1049,7.5447,0.9154,0.3844,0.6520,bad
1775985769.763,0.0000,110.9343,0.0000,22.3593,5.0084,0.9154,0.3844,0.6520,bad
1775985769.815,44.9065,155.8407,44.9065,21.7366,5.3600,0.9375,0.1323,0.6790,bad
1775985769.869,0.0000,155.8407,-44.9065,21.4160,6.9972,0.9375,0.1323,0.6790,bad
1775985769.921,0.0000,155.8407,0.0000,21.0364,4.9060,0.9375,0.1323,0.6790,bad
1775985769.973,14.6805,170.5212,14.6805,20.8775,6.6318,0.9337,0.0498,0.6790,bad
1775985770.025,0.0000,170.5212,-14.6805,18.6899,5.9568,0.9337,0.0498,0.6790,bad
1775985770.131,-30.7678,139.7534,-30.7678,17.9355,0.0000,0.9358,0.2226,0.6030,bad
1775985770.183,0.0000,139.7534,30.7678,19.4065,2.3505,0.9358,0.2226,0.6030,bad
1775985770.235,0.0000,139.7534,0.0000,19.7883,0.0000,0.9358,0.2226,0.6030,bad
1775985770.288,9.2523,149.0057,9.2523,18.8908,1.5005,0.9741,0.1706,0.6900,bad
1775985770.340,0.0000,149.0057,-9.2523,20.4441,1.4392,0.9741,0.1706,0.6900,bad
1775985770.445,3.2178,152.2235,3.2178,18.4444,0.0976,0.9503,0.1895,0.6650,bad
1775985770.497,0.0000,152.2235,-3.2178,21.2657,0.1000,0.9503,0.1895,0.6650,bad
1775985770.602,1.9746,154.1981,1.9746,22.6663,0.4807,0.9325,0.1757,0.6900,bad
1775985770.656,0.0000,154.1981,-1.9746,19.4063,0.1732,0.9325,0.1757,0.6900,bad
1775985770.710,0.0000,154.1981,0.0000,18.9396,0.0000,0.9325,0.1757,0.6900,bad
1775985770.764,15.9530,170.1511,15.9530,18.1609,0.0000,0.9419,0.0645,0.6520,bad
1775985770.817,0.0000,170.1511,-15.9530,16.6249,0.0000,0.9419,0.0645,0.6520,bad
1775985770.974,-12.6097,157.5414,-12.6097,14.0910,1.8273,0.9872,0.1524,0.7590,bad
1775985771.078,2.0685,159.6099,14.6782,15.4021,0.0000,0.8937,0.1380,0.3680,bad
1775985771.131,0.0000,159.6099,-2.0685,15.9245,0.0000,0.8937,0.1380,0.3680,bad
1775985771.288,-0.1737,159.4361,-0.1737,18.7512,0.0000,0.9415,0.1392,0.6340,bad
1775985771.340,0.0000,159.4361,0.1737,16.4814,0.0000,0.9415,0.1392,0.6340,bad
1775985771.393,0.0000,159.4361,0.0000,26.8134,5.5278,0.9415,0.1392,0.6340,bad
1775985771.498,-18.3376,141.0985,-18.3376,27.1257,3.9563,0.9504,0.2671,0.6920,bad
1775985771.550,0.0000,141.0985,18.3376,61.6349,8.3732,0.9504,0.2671,0.6920,bad
1775985771.602,0.0000,141.0985,0.0000,63.5763,8.3056,0.9504,0.2671,0.6920,bad
1775985771.655,0.0000,141.0985,0.0000,71.9320,7.9866,0.9504,0.2671,0.6920,bad
1775985771.759,-0.7937,140.3048,-0.7937,70.9409,6.6638,0.9596,0.2726,0.7140,bad
1775985771.811,0.0000,140.3048,0.7937,72.4117,5.8676,0.9596,0.2726,0.7140,bad
1775985771.863,0.0000,140.3048,0.0000,73.1050,7.3673,0.9596,0.2726,0.7140,bad
1775985771.966,23.1086,163.4134,23.1086,73.8338,8.0629,0.9596,0.1115,0.6820,bad
1775985772.018,0.0000,163.4134,-23.1086,75.6166,10.7495,0.9596,0.1115,0.6820,bad
1775985772.070,0.0000,163.4134,0.0000,70.9344,9.8425,0.9596,0.1115,0.6820,bad
1775985772.122,12.1710,175.5844,12.1710,72.6789,10.5052,0.9493,0.0266,0.6760,bad
1775985772.174,0.0000,175.5844,-12.1710,73.2821,9.3136,0.9493,0.0266,0.6760,bad
1775985772.227,-39.4306,136.1538,-39.4306,72.5656,10.3940,0.9457,0.3015,0.7120,bad
1775985772.279,-47.1662,88.9877,-7.7356,74.2338,9.5907,0.9745,0.6304,0.7010,bad
1775985772.331,0.0000,88.9877,47.1662,70.1373,10.3664,0.9745,0.6304,0.7010,bad
